Day,月日,季節,地域,一日パターン,00:00,06:00,09:00,12:00,15:00,18:00,21:00,備考
1,8/1,盛夏,田園の村,clear,晴れ,晴れ,晴れ,晴れ,晴れ,晴れ,晴れ,終日変化なし
2,8/2,盛夏,田園の村,clear,晴れ,晴れ,晴れ,晴れ,晴れ,晴れ,晴れ,終日変化なし
3,8/3,盛夏,田園の村,clear;16=cloudy;19=clear,晴れ,晴れ,晴れ,晴れ,晴れ,曇り,晴れ,16:00から曇り・19:00から晴れ
4,8/4,盛夏,田園の村,clear;15=cloudy;19=clear,晴れ,晴れ,晴れ,晴れ,曇り,曇り,晴れ,15:00から曇り・19:00から晴れ
5,8/5,盛夏,田園の村,clear;17=storm;20=cloudy,晴れ,晴れ,晴れ,晴れ,晴れ,雷雨,曇り,17:00から雷雨・20:00から曇り
6,8/6,盛夏,田園の村,clear,晴れ,晴れ,晴れ,晴れ,晴れ,晴れ,晴れ,終日変化なし
7,8/7,盛夏,田園の村,clear,晴れ,晴れ,晴れ,晴れ,晴れ,晴れ,晴れ,終日変化なし
8,8/8,盛夏,田園の村,clear;19=storm;20=cloudy,晴れ,晴れ,晴れ,晴れ,晴れ,晴れ,曇り,19:00から雷雨・20:00から曇り
9,8/9,盛夏,田園の村,cloudy;15=light_rain;18=cloudy,曇り,曇り,曇り,曇り,小雨,曇り,曇り,15:00から小雨・18:00から曇り
10,8/10,盛夏,田園の村,cloudy;09=clear,曇り,曇り,晴れ,晴れ,晴れ,晴れ,晴れ,09:00から晴れ
11,8/11,盛夏,田園の村,clear;18=storm;19=cloudy,晴れ,晴れ,晴れ,晴れ,晴れ,雷雨,曇り,18:00から雷雨・19:00から曇り
12,8/12,盛夏,田園の村,clear;15=storm;20=cloudy,晴れ,晴れ,晴れ,晴れ,雷雨,雷雨,曇り,15:00から雷雨・20:00から曇り
13,8/13,盛夏,田園の村,clear;17=cloudy,晴れ,晴れ,晴れ,晴れ,晴れ,曇り,曇り,17:00から曇り
14,8/14,盛夏,田園の村,clear,晴れ,晴れ,晴れ,晴れ,晴れ,晴れ,晴れ,終日変化なし
15,8/15,盛夏,田園の村,clear;14=cloudy,晴れ,晴れ,晴れ,晴れ,曇り,曇り,曇り,14:00から曇り
16,8/16,盛夏,田園の村,clear,晴れ,晴れ,晴れ,晴れ,晴れ,晴れ,晴れ,終日変化なし
17,8/17,盛夏,田園の村,clear;17=storm;18=cloudy,晴れ,晴れ,晴れ,晴れ,晴れ,曇り,曇り,17:00から雷雨・18:00から曇り
18,8/18,盛夏,田園の村,cloudy;15=rain;20=cloudy,曇り,曇り,曇り,曇り,雨,雨,曇り,15:00から雨・20:00から曇り
19,8/19,盛夏,田園の村,clear,晴れ,晴れ,晴れ,晴れ,晴れ,晴れ,晴れ,終日変化なし
20,8/20,盛夏,田園の村,clear,晴れ,晴れ,晴れ,晴れ,晴れ,晴れ,晴れ,終日変化なし
21,8/21,盛夏,田園の村,clear,晴れ,晴れ,晴れ,晴れ,晴れ,晴れ,晴れ,終日変化なし
22,8/22,盛夏,田園の村,clear;13=cloudy;18=clear,晴れ,晴れ,晴れ,晴れ,曇り,晴れ,晴れ,13:00から曇り・18:00から晴れ
23,8/23,晩夏,田園の村,cloudy;17=rain;22=cloudy,曇り,曇り,曇り,曇り,曇り,雨,雨,17:00から雨・22:00から曇り
24,8/24,晩夏,田園の村,clear,晴れ,晴れ,晴れ,晴れ,晴れ,晴れ,晴れ,終日変化なし
25,8/25,晩夏,田園の村,cloudy;14=light_rain;18=cloudy,曇り,曇り,曇り,曇り,小雨,曇り,曇り,14:00から小雨・18:00から曇り
26,8/26,晩夏,田園の村,cloudy,曇り,曇り,曇り,曇り,曇り,曇り,曇り,終日変化なし
27,8/27,晩夏,田園の村,clear;18=storm;20=cloudy,晴れ,晴れ,晴れ,晴れ,晴れ,雷雨,曇り,18:00から雷雨・20:00から曇り
28,8/28,晩夏,田園の村,clear,晴れ,晴れ,晴れ,晴れ,晴れ,晴れ,晴れ,終日変化なし
29,8/29,晩夏,田園の村,clear;14=strong_wind;22=clear,晴れ,晴れ,晴れ,晴れ,強風,強風,強風,14:00から強風・22:00から晴れ
30,8/30,晩夏,田園の村,clear;16=cloudy,晴れ,晴れ,晴れ,晴れ,晴れ,曇り,曇り,16:00から曇り
31,8/31,晩夏,田園の村,cloudy;09=clear,曇り,曇り,晴れ,晴れ,晴れ,晴れ,晴れ,09:00から晴れ
32,9/1,晩夏,田園の村,cloudy;16=light_rain;17=cloudy,曇り,曇り,曇り,曇り,曇り,曇り,曇り,16:00から小雨・17:00から曇り
33,9/2,晩夏,田園の村,cloudy;13=light_rain;17=cloudy,曇り,曇り,曇り,曇り,小雨,曇り,曇り,13:00から小雨・17:00から曇り
34,9/3,晩夏,田園の村,clear,晴れ,晴れ,晴れ,晴れ,晴れ,晴れ,晴れ,終日変化なし
35,9/4,晩夏,田園の村,clear;13=cloudy,晴れ,晴れ,晴れ,晴れ,曇り,曇り,曇り,13:00から曇り
36,9/5,晩夏,田園の村,cloudy;10=clear,曇り,曇り,曇り,晴れ,晴れ,晴れ,晴れ,10:00から晴れ
37,9/6,晩夏,田園の村,cloudy;13=clear,曇り,曇り,曇り,曇り,晴れ,晴れ,晴れ,13:00から晴れ
38,9/7,晩夏,田園の村,clear;13=cloudy;18=clear,晴れ,晴れ,晴れ,晴れ,曇り,晴れ,晴れ,13:00から曇り・18:00から晴れ
39,9/8,晩夏,田園の村,cloudy;15=light_rain;19=cloudy,曇り,曇り,曇り,曇り,小雨,小雨,曇り,15:00から小雨・19:00から曇り
40,9/9,晩夏,田園の村,clear;14=strong_wind;21=clear,晴れ,晴れ,晴れ,晴れ,強風,強風,晴れ,14:00から強風・21:00から晴れ
41,9/10,晩夏,田園の村,clear,晴れ,晴れ,晴れ,晴れ,晴れ,晴れ,晴れ,終日変化なし
42,9/11,晩夏,田園の村,clear;17=cloudy,晴れ,晴れ,晴れ,晴れ,晴れ,曇り,曇り,17:00から曇り
43,9/12,晩夏,田園の村,cloudy;15=light_rain;19=cloudy,曇り,曇り,曇り,曇り,小雨,小雨,曇り,15:00から小雨・19:00から曇り
44,9/13,晩夏,田園の村,clear,晴れ,晴れ,晴れ,晴れ,晴れ,晴れ,晴れ,終日変化なし
45,9/14,晩夏,田園の村,clear;16=cloudy;20=clear,晴れ,晴れ,晴れ,晴れ,晴れ,曇り,晴れ,16:00から曇り・20:00から晴れ
46,9/15,秋,田園の村,clear;16=cloudy,晴れ,晴れ,晴れ,晴れ,晴れ,曇り,曇り,16:00から曇り
47,9/16,秋,田園の村,cloudy;14=light_rain;17=cloudy,曇り,曇り,曇り,曇り,小雨,曇り,曇り,14:00から小雨・17:00から曇り
48,9/17,秋,田園の村,rain,雨,雨,雨,雨,雨,雨,雨,終日変化なし
49,9/18,秋,田園の村,cloudy;20=fog,曇り,曇り,曇り,曇り,曇り,曇り,霧,20:00から霧
50,9/19,秋,田園の村,clear;17=cloudy,晴れ,晴れ,晴れ,晴れ,晴れ,曇り,曇り,17:00から曇り
51,9/20,秋,田園の村,clear;13=cloudy;20=clear,晴れ,晴れ,晴れ,晴れ,曇り,曇り,晴れ,13:00から曇り・20:00から晴れ
52,9/21,秋,田園の村,cloudy;14=light_rain;17=cloudy,曇り,曇り,曇り,曇り,小雨,曇り,曇り,14:00から小雨・17:00から曇り
53,9/22,秋,田園の村,clear;10=strong_wind;19=clear,晴れ,晴れ,晴れ,強風,強風,強風,晴れ,10:00から強風・19:00から晴れ
54,9/23,秋,田園の村,clear;17=cloudy,晴れ,晴れ,晴れ,晴れ,晴れ,曇り,曇り,17:00から曇り
55,9/24,秋,田園の村,clear;17=cloudy,晴れ,晴れ,晴れ,晴れ,晴れ,曇り,曇り,17:00から曇り
56,9/25,秋,田園の村,clear,晴れ,晴れ,晴れ,晴れ,晴れ,晴れ,晴れ,終日変化なし
57,9/26,秋,田園の村,clear,晴れ,晴れ,晴れ,晴れ,晴れ,晴れ,晴れ,終日変化なし
58,9/27,秋,田園の村,cloudy;16=light_rain;19=cloudy,曇り,曇り,曇り,曇り,曇り,小雨,曇り,16:00から小雨・19:00から曇り
59,9/28,秋,田園の村,clear;14=strong_wind;20=clear,晴れ,晴れ,晴れ,晴れ,強風,強風,晴れ,14:00から強風・20:00から晴れ
60,9/29,秋,田園の村,clear,晴れ,晴れ,晴れ,晴れ,晴れ,晴れ,晴れ,終日変化なし
61,9/30,秋,田園の村,cloudy;17=rain;23=cloudy,曇り,曇り,曇り,曇り,曇り,雨,雨,17:00から雨・23:00から曇り
62,10/1,秋,田園の村,clear;14=cloudy,晴れ,晴れ,晴れ,晴れ,曇り,曇り,曇り,14:00から曇り
63,10/2,秋,田園の村,cloudy;14=light_rain;18=cloudy,曇り,曇り,曇り,曇り,小雨,曇り,曇り,14:00から小雨・18:00から曇り
64,10/3,秋,田園の村,clear;16=cloudy,晴れ,晴れ,晴れ,晴れ,晴れ,曇り,曇り,16:00から曇り
65,10/4,秋,田園の村,cloudy,曇り,曇り,曇り,曇り,曇り,曇り,曇り,終日変化なし
66,10/5,秋,田園の村,cloudy;15=light_rain;17=cloudy,曇り,曇り,曇り,曇り,小雨,曇り,曇り,15:00から小雨・17:00から曇り
67,10/6,秋,田園の村,cloudy;14=light_rain;20=cloudy,曇り,曇り,曇り,曇り,小雨,小雨,曇り,14:00から小雨・20:00から曇り
68,10/7,秋,田園の村,clear,晴れ,晴れ,晴れ,晴れ,晴れ,晴れ,晴れ,終日変化なし
69,10/8,秋,田園の村,clear;13=cloudy;18=clear,晴れ,晴れ,晴れ,晴れ,曇り,晴れ,晴れ,13:00から曇り・18:00から晴れ
70,10/9,秋,田園の村,cloudy;19=fog,曇り,曇り,曇り,曇り,曇り,曇り,霧,19:00から霧
71,10/10,晩秋,田園の村,clear,晴れ,晴れ,晴れ,晴れ,晴れ,晴れ,晴れ,終日変化なし
72,10/11,晩秋,田園の村,light_rain;14=cloudy,小雨,小雨,小雨,小雨,曇り,曇り,曇り,14:00から曇り
73,10/12,晩秋,田園の村,cloudy;16=rain;23=cloudy,曇り,曇り,曇り,曇り,曇り,雨,雨,16:00から雨・23:00から曇り
74,10/13,晩秋,田園の村,cloudy;13=light_rain;18=cloudy,曇り,曇り,曇り,曇り,小雨,曇り,曇り,13:00から小雨・18:00から曇り
75,10/14,晩秋,田園の村,light_rain;14=cloudy,小雨,小雨,小雨,小雨,曇り,曇り,曇り,14:00から曇り
76,10/15,晩秋,田園の村,light_rain;18=cloudy,小雨,小雨,小雨,小雨,小雨,曇り,曇り,18:00から曇り
77,10/16,晩秋,田園の村,rain,雨,雨,雨,雨,雨,雨,雨,終日変化なし
78,10/17,晩秋,田園の村,fog;08=clear,霧,霧,晴れ,晴れ,晴れ,晴れ,晴れ,08:00から晴れ
79,10/18,晩秋,田園の村,cloudy,曇り,曇り,曇り,曇り,曇り,曇り,曇り,終日変化なし
80,10/19,晩秋,田園の村,clear;12=cloudy;16=clear,晴れ,晴れ,晴れ,曇り,曇り,晴れ,晴れ,12:00から曇り・16:00から晴れ
81,10/20,晩秋,田園の村,clear,晴れ,晴れ,晴れ,晴れ,晴れ,晴れ,晴れ,終日変化なし
82,10/21,晩秋,田園の村,light_rain;14=cloudy,小雨,小雨,小雨,小雨,曇り,曇り,曇り,14:00から曇り
83,10/22,晩秋,田園の村,cloudy;14=light_rain;19=cloudy,曇り,曇り,曇り,曇り,小雨,小雨,曇り,14:00から小雨・19:00から曇り
84,10/23,晩秋,田園の村,cloudy,曇り,曇り,曇り,曇り,曇り,曇り,曇り,終日変化なし
85,10/24,晩秋,田園の村,cloudy,曇り,曇り,曇り,曇り,曇り,曇り,曇り,終日変化なし
86,10/25,晩秋,田園の村,clear,晴れ,晴れ,晴れ,晴れ,晴れ,晴れ,晴れ,終日変化なし
87,10/26,晩秋,田園の村,clear;10=strong_wind;18=clear,晴れ,晴れ,晴れ,強風,強風,晴れ,晴れ,10:00から強風・18:00から晴れ
88,10/27,晩秋,田園の村,cloudy,曇り,曇り,曇り,曇り,曇り,曇り,曇り,終日変化なし
89,10/28,晩秋,田園の村,cloudy;13=rain;23=cloudy,曇り,曇り,曇り,曇り,雨,雨,雨,13:00から雨・23:00から曇り
90,10/29,晩秋,田園の村,clear;13=cloudy;18=clear,晴れ,晴れ,晴れ,晴れ,曇り,晴れ,晴れ,13:00から曇り・18:00から晴れ
91,10/30,晩秋,田園の村,fog;07=clear,霧,霧,晴れ,晴れ,晴れ,晴れ,晴れ,07:00から晴れ
92,10/31,晩秋,田園の村,light_rain;15=cloudy,小雨,小雨,小雨,小雨,曇り,曇り,曇り,15:00から曇り
93,11/1,晩秋,田園の村,rain,雨,雨,雨,雨,雨,雨,雨,終日変化なし
94,11/2,晩秋,田園の村,clear;10=strong_wind;18=clear,晴れ,晴れ,晴れ,強風,強風,晴れ,晴れ,10:00から強風・18:00から晴れ
95,11/3,晩秋,田園の村,rain,雨,雨,雨,雨,雨,雨,雨,終日変化なし
96,11/4,晩秋,田園の村,clear;13=cloudy;18=clear,晴れ,晴れ,晴れ,晴れ,曇り,晴れ,晴れ,13:00から曇り・18:00から晴れ
97,11/5,晩秋,田園の村,cloudy;14=light_rain;19=cloudy,曇り,曇り,曇り,曇り,小雨,小雨,曇り,14:00から小雨・19:00から曇り
98,11/6,晩秋,田園の村,cloudy;17=fog,曇り,曇り,曇り,曇り,曇り,霧,霧,17:00から霧
99,11/7,晩秋,田園の村,light_rain;14=cloudy,小雨,小雨,小雨,小雨,曇り,曇り,曇り,14:00から曇り
100,11/8,晩秋,田園の村,clear;12=strong_wind;20=clear,晴れ,晴れ,晴れ,強風,強風,強風,晴れ,12:00から強風・20:00から晴れ
1,8/1,盛夏,王都,clear;10=strong_wind;21=clear,晴れ,晴れ,晴れ,強風,強風,強風,晴れ,10:00から強風・21:00から晴れ
2,8/2,盛夏,王都,cloudy,曇り,曇り,曇り,曇り,曇り,曇り,曇り,終日変化なし
3,8/3,盛夏,王都,cloudy;12=clear,曇り,曇り,曇り,晴れ,晴れ,晴れ,晴れ,12:00から晴れ
4,8/4,盛夏,王都,cloudy;12=clear,曇り,曇り,曇り,晴れ,晴れ,晴れ,晴れ,12:00から晴れ
5,8/5,盛夏,王都,cloudy;16=rain;22=cloudy,曇り,曇り,曇り,曇り,曇り,雨,雨,16:00から雨・22:00から曇り
6,8/6,盛夏,王都,clear;12=cloudy,晴れ,晴れ,晴れ,曇り,曇り,曇り,曇り,12:00から曇り
7,8/7,盛夏,王都,clear;14=cloudy;19=clear,晴れ,晴れ,晴れ,晴れ,曇り,曇り,晴れ,14:00から曇り・19:00から晴れ
8,8/8,盛夏,王都,clear;14=cloudy;17=clear,晴れ,晴れ,晴れ,晴れ,曇り,晴れ,晴れ,14:00から曇り・17:00から晴れ
9,8/9,盛夏,王都,cloudy,曇り,曇り,曇り,曇り,曇り,曇り,曇り,終日変化なし
10,8/10,盛夏,王都,clear;16=storm;18=cloudy,晴れ,晴れ,晴れ,晴れ,晴れ,曇り,曇り,16:00から雷雨・18:00から曇り
11,8/11,盛夏,王都,clear;13=cloudy,晴れ,晴れ,晴れ,晴れ,曇り,曇り,曇り,13:00から曇り
12,8/12,盛夏,王都,cloudy;13=rain;20=cloudy,曇り,曇り,曇り,曇り,雨,雨,曇り,13:00から雨・20:00から曇り
13,8/13,盛夏,王都,clear,晴れ,晴れ,晴れ,晴れ,晴れ,晴れ,晴れ,終日変化なし
14,8/14,盛夏,王都,cloudy,曇り,曇り,曇り,曇り,曇り,曇り,曇り,終日変化なし
15,8/15,盛夏,王都,clear;10=strong_wind;18=clear,晴れ,晴れ,晴れ,強風,強風,晴れ,晴れ,10:00から強風・18:00から晴れ
16,8/16,盛夏,王都,clear,晴れ,晴れ,晴れ,晴れ,晴れ,晴れ,晴れ,終日変化なし
17,8/17,盛夏,王都,clear;13=strong_wind;19=clear,晴れ,晴れ,晴れ,晴れ,強風,強風,晴れ,13:00から強風・19:00から晴れ
18,8/18,盛夏,王都,clear;17=storm;18=cloudy,晴れ,晴れ,晴れ,晴れ,晴れ,曇り,曇り,17:00から雷雨・18:00から曇り
19,8/19,盛夏,王都,clear,晴れ,晴れ,晴れ,晴れ,晴れ,晴れ,晴れ,終日変化なし
20,8/20,盛夏,王都,cloudy;09=clear,曇り,曇り,晴れ,晴れ,晴れ,晴れ,晴れ,09:00から晴れ
21,8/21,盛夏,王都,clear;15=storm;16=cloudy,晴れ,晴れ,晴れ,晴れ,雷雨,曇り,曇り,15:00から雷雨・16:00から曇り
22,8/22,盛夏,王都,cloudy;13=rain;23=cloudy,曇り,曇り,曇り,曇り,雨,雨,雨,13:00から雨・23:00から曇り
23,8/23,晩夏,王都,clear;15=cloudy,晴れ,晴れ,晴れ,晴れ,曇り,曇り,曇り,15:00から曇り
24,8/24,晩夏,王都,clear,晴れ,晴れ,晴れ,晴れ,晴れ,晴れ,晴れ,終日変化なし
25,8/25,晩夏,王都,cloudy,曇り,曇り,曇り,曇り,曇り,曇り,曇り,終日変化なし
26,8/26,晩夏,王都,rain,雨,雨,雨,雨,雨,雨,雨,終日変化なし
27,8/27,晩夏,王都,cloudy;14=rain;22=cloudy,曇り,曇り,曇り,曇り,雨,雨,雨,14:00から雨・22:00から曇り
28,8/28,晩夏,王都,clear,晴れ,晴れ,晴れ,晴れ,晴れ,晴れ,晴れ,終日変化なし
29,8/29,晩夏,王都,cloudy;11=clear,曇り,曇り,曇り,晴れ,晴れ,晴れ,晴れ,11:00から晴れ
30,8/30,晩夏,王都,clear;16=cloudy,晴れ,晴れ,晴れ,晴れ,晴れ,曇り,曇り,16:00から曇り
31,8/31,晩夏,王都,clear;15=cloudy;18=clear,晴れ,晴れ,晴れ,晴れ,曇り,晴れ,晴れ,15:00から曇り・18:00から晴れ
32,9/1,晩夏,王都,rain,雨,雨,雨,雨,雨,雨,雨,終日変化なし
33,9/2,晩夏,王都,cloudy;11=light_rain;19=cloudy,曇り,曇り,曇り,小雨,小雨,小雨,曇り,11:00から小雨・19:00から曇り
34,9/3,晩夏,王都,cloudy,曇り,曇り,曇り,曇り,曇り,曇り,曇り,終日変化なし
35,9/4,晩夏,王都,clear,晴れ,晴れ,晴れ,晴れ,晴れ,晴れ,晴れ,終日変化なし
36,9/5,晩夏,王都,cloudy;11=clear,曇り,曇り,曇り,晴れ,晴れ,晴れ,晴れ,11:00から晴れ
37,9/6,晩夏,王都,clear;11=strong_wind;20=clear,晴れ,晴れ,晴れ,強風,強風,強風,晴れ,11:00から強風・20:00から晴れ
38,9/7,晩夏,王都,cloudy;15=light_rain;16=cloudy,曇り,曇り,曇り,曇り,小雨,曇り,曇り,15:00から小雨・16:00から曇り
39,9/8,晩夏,王都,cloudy;15=light_rain;18=cloudy,曇り,曇り,曇り,曇り,小雨,曇り,曇り,15:00から小雨・18:00から曇り
40,9/9,晩夏,王都,cloudy,曇り,曇り,曇り,曇り,曇り,曇り,曇り,終日変化なし
41,9/10,晩夏,王都,clear,晴れ,晴れ,晴れ,晴れ,晴れ,晴れ,晴れ,終日変化なし
42,9/11,晩夏,王都,clear;14=cloudy;18=clear,晴れ,晴れ,晴れ,晴れ,曇り,晴れ,晴れ,14:00から曇り・18:00から晴れ
43,9/12,晩夏,王都,cloudy,曇り,曇り,曇り,曇り,曇り,曇り,曇り,終日変化なし
44,9/13,晩夏,王都,cloudy;12=rain;21=cloudy,曇り,曇り,曇り,雨,雨,雨,曇り,12:00から雨・21:00から曇り
45,9/14,晩夏,王都,cloudy,曇り,曇り,曇り,曇り,曇り,曇り,曇り,終日変化なし
46,9/15,秋,王都,cloudy;12=light_rain;15=cloudy,曇り,曇り,曇り,小雨,曇り,曇り,曇り,12:00から小雨・15:00から曇り
47,9/16,秋,王都,cloudy;16=rain;20=cloudy,曇り,曇り,曇り,曇り,曇り,雨,曇り,16:00から雨・20:00から曇り
48,9/17,秋,王都,cloudy;09=clear,曇り,曇り,晴れ,晴れ,晴れ,晴れ,晴れ,09:00から晴れ
49,9/18,秋,王都,cloudy;18=fog,曇り,曇り,曇り,曇り,曇り,霧,霧,18:00から霧
50,9/19,秋,王都,clear;15=cloudy;19=clear,晴れ,晴れ,晴れ,晴れ,曇り,曇り,晴れ,15:00から曇り・19:00から晴れ
51,9/20,秋,王都,cloudy;16=rain;19=cloudy,曇り,曇り,曇り,曇り,曇り,雨,曇り,16:00から雨・19:00から曇り
52,9/21,秋,王都,cloudy;14=rain;22=cloudy,曇り,曇り,曇り,曇り,雨,雨,雨,14:00から雨・22:00から曇り
53,9/22,秋,王都,clear,晴れ,晴れ,晴れ,晴れ,晴れ,晴れ,晴れ,終日変化なし
54,9/23,秋,王都,clear;13=strong_wind;17=clear,晴れ,晴れ,晴れ,晴れ,強風,晴れ,晴れ,13:00から強風・17:00から晴れ
55,9/24,秋,王都,clear,晴れ,晴れ,晴れ,晴れ,晴れ,晴れ,晴れ,終日変化なし
56,9/25,秋,王都,rain,雨,雨,雨,雨,雨,雨,雨,終日変化なし
57,9/26,秋,王都,cloudy;18=fog,曇り,曇り,曇り,曇り,曇り,霧,霧,18:00から霧
58,9/27,秋,王都,rain,雨,雨,雨,雨,雨,雨,雨,終日変化なし
59,9/28,秋,王都,cloudy,曇り,曇り,曇り,曇り,曇り,曇り,曇り,終日変化なし
60,9/29,秋,王都,clear;15=cloudy;17=clear,晴れ,晴れ,晴れ,晴れ,曇り,晴れ,晴れ,15:00から曇り・17:00から晴れ
61,9/30,秋,王都,cloudy;11=clear,曇り,曇り,曇り,晴れ,晴れ,晴れ,晴れ,11:00から晴れ
62,10/1,秋,王都,clear,晴れ,晴れ,晴れ,晴れ,晴れ,晴れ,晴れ,終日変化なし
63,10/2,秋,王都,cloudy;16=rain;22=cloudy,曇り,曇り,曇り,曇り,曇り,雨,雨,16:00から雨・22:00から曇り
64,10/3,秋,王都,clear,晴れ,晴れ,晴れ,晴れ,晴れ,晴れ,晴れ,終日変化なし
65,10/4,秋,王都,clear;12=cloudy;19=clear,晴れ,晴れ,晴れ,曇り,曇り,曇り,晴れ,12:00から曇り・19:00から晴れ
66,10/5,秋,王都,clear;16=cloudy,晴れ,晴れ,晴れ,晴れ,晴れ,曇り,曇り,16:00から曇り
67,10/6,秋,王都,cloudy;15=rain;19=cloudy,曇り,曇り,曇り,曇り,雨,雨,曇り,15:00から雨・19:00から曇り
68,10/7,秋,王都,clear,晴れ,晴れ,晴れ,晴れ,晴れ,晴れ,晴れ,終日変化なし
69,10/8,秋,王都,clear;11=cloudy;16=clear,晴れ,晴れ,晴れ,曇り,曇り,晴れ,晴れ,11:00から曇り・16:00から晴れ
70,10/9,秋,王都,cloudy;11=light_rain;18=cloudy,曇り,曇り,曇り,小雨,小雨,曇り,曇り,11:00から小雨・18:00から曇り
71,10/10,晩秋,王都,clear;15=cloudy;19=clear,晴れ,晴れ,晴れ,晴れ,曇り,曇り,晴れ,15:00から曇り・19:00から晴れ
72,10/11,晩秋,王都,rain,雨,雨,雨,雨,雨,雨,雨,終日変化なし
73,10/12,晩秋,王都,cloudy,曇り,曇り,曇り,曇り,曇り,曇り,曇り,終日変化なし
74,10/13,晩秋,王都,clear,晴れ,晴れ,晴れ,晴れ,晴れ,晴れ,晴れ,終日変化なし
75,10/14,晩秋,王都,cloudy;09=clear,曇り,曇り,晴れ,晴れ,晴れ,晴れ,晴れ,09:00から晴れ
76,10/15,晩秋,王都,clear,晴れ,晴れ,晴れ,晴れ,晴れ,晴れ,晴れ,終日変化なし
77,10/16,晩秋,王都,cloudy,曇り,曇り,曇り,曇り,曇り,曇り,曇り,終日変化なし
78,10/17,晩秋,王都,light_rain;13=cloudy,小雨,小雨,小雨,小雨,曇り,曇り,曇り,13:00から曇り
79,10/18,晩秋,王都,clear;12=cloudy;15=clear,晴れ,晴れ,晴れ,曇り,晴れ,晴れ,晴れ,12:00から曇り・15:00から晴れ
80,10/19,晩秋,王都,cloudy,曇り,曇り,曇り,曇り,曇り,曇り,曇り,終日変化なし
81,10/20,晩秋,王都,cloudy;12=rain;19=cloudy,曇り,曇り,曇り,雨,雨,雨,曇り,12:00から雨・19:00から曇り
82,10/21,晩秋,王都,light_rain;17=cloudy,小雨,小雨,小雨,小雨,小雨,曇り,曇り,17:00から曇り
83,10/22,晩秋,王都,clear,晴れ,晴れ,晴れ,晴れ,晴れ,晴れ,晴れ,終日変化なし
84,10/23,晩秋,王都,cloudy;11=light_rain;17=cloudy,曇り,曇り,曇り,小雨,小雨,曇り,曇り,11:00から小雨・17:00から曇り
85,10/24,晩秋,王都,cloudy;20=fog,曇り,曇り,曇り,曇り,曇り,曇り,霧,20:00から霧
86,10/25,晩秋,王都,cloudy;13=light_rain;15=cloudy,曇り,曇り,曇り,曇り,曇り,曇り,曇り,13:00から小雨・15:00から曇り
87,10/26,晩秋,王都,cloudy;18=fog,曇り,曇り,曇り,曇り,曇り,霧,霧,18:00から霧
88,10/27,晩秋,王都,cloudy;12=light_rain;17=cloudy,曇り,曇り,曇り,小雨,小雨,曇り,曇り,12:00から小雨・17:00から曇り
89,10/28,晩秋,王都,rain,雨,雨,雨,雨,雨,雨,雨,終日変化なし
90,10/29,晩秋,王都,cloudy;15=light_rain;16=cloudy,曇り,曇り,曇り,曇り,小雨,曇り,曇り,15:00から小雨・16:00から曇り
91,10/30,晩秋,王都,cloudy,曇り,曇り,曇り,曇り,曇り,曇り,曇り,終日変化なし
92,10/31,晩秋,王都,light_rain;17=cloudy,小雨,小雨,小雨,小雨,小雨,曇り,曇り,17:00から曇り
93,11/1,晩秋,王都,cloudy;11=light_rain;17=cloudy,曇り,曇り,曇り,小雨,小雨,曇り,曇り,11:00から小雨・17:00から曇り
94,11/2,晩秋,王都,cloudy,曇り,曇り,曇り,曇り,曇り,曇り,曇り,終日変化なし
95,11/3,晩秋,王都,rain,雨,雨,雨,雨,雨,雨,雨,終日変化なし
96,11/4,晩秋,王都,cloudy;09=clear,曇り,曇り,晴れ,晴れ,晴れ,晴れ,晴れ,09:00から晴れ
97,11/5,晩秋,王都,cloudy;17=fog,曇り,曇り,曇り,曇り,曇り,霧,霧,17:00から霧
98,11/6,晩秋,王都,clear;13=cloudy;15=clear,晴れ,晴れ,晴れ,晴れ,晴れ,晴れ,晴れ,13:00から曇り・15:00から晴れ
99,11/7,晩秋,王都,cloudy,曇り,曇り,曇り,曇り,曇り,曇り,曇り,終日変化なし
100,11/8,晩秋,王都,cloudy;10=clear,曇り,曇り,曇り,晴れ,晴れ,晴れ,晴れ,10:00から晴れ
1,8/1,盛夏,森,cloudy;16=light_rain;21=cloudy,曇り,曇り,曇り,曇り,曇り,小雨,曇り,16:00から小雨・21:00から曇り
2,8/2,盛夏,森,cloudy;18=rain;23=cloudy,曇り,曇り,曇り,曇り,曇り,雨,雨,18:00から雨・23:00から曇り
3,8/3,盛夏,森,fog;12=clear,霧,霧,霧,晴れ,晴れ,晴れ,晴れ,12:00から晴れ
4,8/4,盛夏,森,fog;10=cloudy,霧,霧,霧,曇り,曇り,曇り,曇り,10:00から曇り
5,8/5,盛夏,森,clear;17=storm;19=cloudy,晴れ,晴れ,晴れ,晴れ,晴れ,雷雨,曇り,17:00から雷雨・19:00から曇り
6,8/6,盛夏,森,clear;17=cloudy;20=clear,晴れ,晴れ,晴れ,晴れ,晴れ,曇り,晴れ,17:00から曇り・20:00から晴れ
7,8/7,盛夏,森,cloudy;11=clear,曇り,曇り,曇り,晴れ,晴れ,晴れ,晴れ,11:00から晴れ
8,8/8,盛夏,森,cloudy;13=clear,曇り,曇り,曇り,曇り,晴れ,晴れ,晴れ,13:00から晴れ
9,8/9,盛夏,森,rain,雨,雨,雨,雨,雨,雨,雨,終日変化なし
10,8/10,盛夏,森,clear;18=storm;21=cloudy,晴れ,晴れ,晴れ,晴れ,晴れ,雷雨,曇り,18:00から雷雨・21:00から曇り
11,8/11,盛夏,森,cloudy;17=rain;22=cloudy,曇り,曇り,曇り,曇り,曇り,雨,雨,17:00から雨・22:00から曇り
12,8/12,盛夏,森,cloudy,曇り,曇り,曇り,曇り,曇り,曇り,曇り,終日変化なし
13,8/13,盛夏,森,cloudy;11=clear,曇り,曇り,曇り,晴れ,晴れ,晴れ,晴れ,11:00から晴れ
14,8/14,盛夏,森,cloudy;14=clear,曇り,曇り,曇り,曇り,晴れ,晴れ,晴れ,14:00から晴れ
15,8/15,盛夏,森,cloudy;13=clear,曇り,曇り,曇り,曇り,晴れ,晴れ,晴れ,13:00から晴れ
16,8/16,盛夏,森,fog;13=cloudy,霧,霧,霧,霧,曇り,曇り,曇り,13:00から曇り
17,8/17,盛夏,森,cloudy,曇り,曇り,曇り,曇り,曇り,曇り,曇り,終日変化なし
18,8/18,盛夏,森,cloudy;13=light_rain;21=cloudy,曇り,曇り,曇り,曇り,小雨,小雨,曇り,13:00から小雨・21:00から曇り
19,8/19,盛夏,森,cloudy,曇り,曇り,曇り,曇り,曇り,曇り,曇り,終日変化なし
20,8/20,盛夏,森,fog;09=clear,霧,霧,晴れ,晴れ,晴れ,晴れ,晴れ,09:00から晴れ
21,8/21,盛夏,森,cloudy;15=rain;21=cloudy,曇り,曇り,曇り,曇り,雨,雨,曇り,15:00から雨・21:00から曇り
22,8/22,盛夏,森,clear;16=storm;21=cloudy,晴れ,晴れ,晴れ,晴れ,晴れ,雷雨,曇り,16:00から雷雨・21:00から曇り
23,8/23,晩夏,森,clear;17=storm;19=cloudy,晴れ,晴れ,晴れ,晴れ,晴れ,雷雨,曇り,17:00から雷雨・19:00から曇り
24,8/24,晩夏,森,fog;10=cloudy,霧,霧,霧,曇り,曇り,曇り,曇り,10:00から曇り
25,8/25,晩夏,森,fog;08=clear,霧,霧,晴れ,晴れ,晴れ,晴れ,晴れ,08:00から晴れ
26,8/26,晩夏,森,cloudy;16=rain;22=cloudy,曇り,曇り,曇り,曇り,曇り,雨,雨,16:00から雨・22:00から曇り
27,8/27,晩夏,森,clear;20=storm;21=cloudy,晴れ,晴れ,晴れ,晴れ,晴れ,晴れ,曇り,20:00から雷雨・21:00から曇り
28,8/28,晩夏,森,fog;12=clear,霧,霧,霧,晴れ,晴れ,晴れ,晴れ,12:00から晴れ
29,8/29,晩夏,森,fog;11=clear,霧,霧,霧,晴れ,晴れ,晴れ,晴れ,11:00から晴れ
30,8/30,晩夏,森,rain,雨,雨,雨,雨,雨,雨,雨,終日変化なし
31,8/31,晩夏,森,fog;13=cloudy,霧,霧,霧,霧,曇り,曇り,曇り,13:00から曇り
32,9/1,晩夏,森,cloudy;10=clear,曇り,曇り,曇り,晴れ,晴れ,晴れ,晴れ,10:00から晴れ
33,9/2,晩夏,森,cloudy;14=light_rain;17=cloudy,曇り,曇り,曇り,曇り,小雨,曇り,曇り,14:00から小雨・17:00から曇り
34,9/3,晩夏,森,fog;10=clear,霧,霧,霧,晴れ,晴れ,晴れ,晴れ,10:00から晴れ
35,9/4,晩夏,森,fog;13=cloudy,霧,霧,霧,霧,曇り,曇り,曇り,13:00から曇り
36,9/5,晩夏,森,clear;18=storm;21=cloudy,晴れ,晴れ,晴れ,晴れ,晴れ,雷雨,曇り,18:00から雷雨・21:00から曇り
37,9/6,晩夏,森,rain,雨,雨,雨,雨,雨,雨,雨,終日変化なし
38,9/7,晩夏,森,rain,雨,雨,雨,雨,雨,雨,雨,終日変化なし
39,9/8,晩夏,森,cloudy;16=light_rain;20=cloudy,曇り,曇り,曇り,曇り,曇り,小雨,曇り,16:00から小雨・20:00から曇り
40,9/9,晩夏,森,fog;11=cloudy,霧,霧,霧,曇り,曇り,曇り,曇り,11:00から曇り
41,9/10,晩夏,森,clear;17=cloudy;20=clear,晴れ,晴れ,晴れ,晴れ,晴れ,曇り,晴れ,17:00から曇り・20:00から晴れ
42,9/11,晩夏,森,cloudy,曇り,曇り,曇り,曇り,曇り,曇り,曇り,終日変化なし
43,9/12,晩夏,森,cloudy;14=rain;23=cloudy,曇り,曇り,曇り,曇り,雨,雨,雨,14:00から雨・23:00から曇り
44,9/13,晩夏,森,cloudy,曇り,曇り,曇り,曇り,曇り,曇り,曇り,終日変化なし
45,9/14,晩夏,森,cloudy;11=clear,曇り,曇り,曇り,晴れ,晴れ,晴れ,晴れ,11:00から晴れ
46,9/15,秋,森,cloudy;17=light_rain;19=cloudy,曇り,曇り,曇り,曇り,曇り,小雨,曇り,17:00から小雨・19:00から曇り
47,9/16,秋,森,cloudy,曇り,曇り,曇り,曇り,曇り,曇り,曇り,終日変化なし
48,9/17,秋,森,fog;09=clear,霧,霧,晴れ,晴れ,晴れ,晴れ,晴れ,09:00から晴れ
49,9/18,秋,森,cloudy;13=light_rain;21=cloudy,曇り,曇り,曇り,曇り,小雨,小雨,曇り,13:00から小雨・21:00から曇り
50,9/19,秋,森,cloudy;18=fog,曇り,曇り,曇り,曇り,曇り,霧,霧,18:00から霧
51,9/20,秋,森,fog;11=cloudy,霧,霧,霧,曇り,曇り,曇り,曇り,11:00から曇り
52,9/21,秋,森,cloudy;14=light_rain;20=cloudy,曇り,曇り,曇り,曇り,小雨,小雨,曇り,14:00から小雨・20:00から曇り
53,9/22,秋,森,rain,雨,雨,雨,雨,雨,雨,雨,終日変化なし
54,9/23,秋,森,cloudy;14=light_rain;20=cloudy,曇り,曇り,曇り,曇り,小雨,小雨,曇り,14:00から小雨・20:00から曇り
55,9/24,秋,森,cloudy;14=light_rain;21=cloudy,曇り,曇り,曇り,曇り,小雨,小雨,曇り,14:00から小雨・21:00から曇り
56,9/25,秋,森,rain,雨,雨,雨,雨,雨,雨,雨,終日変化なし
57,9/26,秋,森,fog;12=cloudy,霧,霧,霧,曇り,曇り,曇り,曇り,12:00から曇り
58,9/27,秋,森,cloudy;17=rain;23=cloudy,曇り,曇り,曇り,曇り,曇り,雨,雨,17:00から雨・23:00から曇り
59,9/28,秋,森,cloudy;21=fog,曇り,曇り,曇り,曇り,曇り,曇り,霧,21:00から霧
60,9/29,秋,森,light_rain;19=cloudy,小雨,小雨,小雨,小雨,小雨,小雨,曇り,19:00から曇り
61,9/30,秋,森,cloudy;17=light_rain;19=cloudy,曇り,曇り,曇り,曇り,曇り,小雨,曇り,17:00から小雨・19:00から曇り
62,10/1,秋,森,fog;11=clear,霧,霧,霧,晴れ,晴れ,晴れ,晴れ,11:00から晴れ
63,10/2,秋,森,rain,雨,雨,雨,雨,雨,雨,雨,終日変化なし
64,10/3,秋,森,fog;13=cloudy,霧,霧,霧,霧,曇り,曇り,曇り,13:00から曇り
65,10/4,秋,森,cloudy;14=light_rain;17=cloudy,曇り,曇り,曇り,曇り,小雨,曇り,曇り,14:00から小雨・17:00から曇り
66,10/5,秋,森,fog;12=clear,霧,霧,霧,晴れ,晴れ,晴れ,晴れ,12:00から晴れ
67,10/6,秋,森,fog;10=cloudy,霧,霧,霧,曇り,曇り,曇り,曇り,10:00から曇り
68,10/7,秋,森,fog;11=cloudy,霧,霧,霧,曇り,曇り,曇り,曇り,11:00から曇り
69,10/8,秋,森,fog;12=cloudy,霧,霧,霧,曇り,曇り,曇り,曇り,12:00から曇り
70,10/9,秋,森,rain,雨,雨,雨,雨,雨,雨,雨,終日変化なし
71,10/10,晩秋,森,cloudy;14=light_rain;19=cloudy,曇り,曇り,曇り,曇り,小雨,小雨,曇り,14:00から小雨・19:00から曇り
72,10/11,晩秋,森,cloudy;15=light_rain;17=cloudy,曇り,曇り,曇り,曇り,小雨,曇り,曇り,15:00から小雨・17:00から曇り
73,10/12,晩秋,森,rain,雨,雨,雨,雨,雨,雨,雨,終日変化なし
74,10/13,晩秋,森,fog;12=cloudy,霧,霧,霧,曇り,曇り,曇り,曇り,12:00から曇り
75,10/14,晩秋,森,fog;10=cloudy,霧,霧,霧,曇り,曇り,曇り,曇り,10:00から曇り
76,10/15,晩秋,森,cloudy;16=rain;23=cloudy,曇り,曇り,曇り,曇り,曇り,雨,雨,16:00から雨・23:00から曇り
77,10/16,晩秋,森,rain,雨,雨,雨,雨,雨,雨,雨,終日変化なし
78,10/17,晩秋,森,fog;12=cloudy,霧,霧,霧,曇り,曇り,曇り,曇り,12:00から曇り
79,10/18,晩秋,森,cloudy;18=rain;21=cloudy,曇り,曇り,曇り,曇り,曇り,雨,曇り,18:00から雨・21:00から曇り
80,10/19,晩秋,森,fog;12=cloudy,霧,霧,霧,曇り,曇り,曇り,曇り,12:00から曇り
81,10/20,晩秋,森,fog;10=clear,霧,霧,霧,晴れ,晴れ,晴れ,晴れ,10:00から晴れ
82,10/21,晩秋,森,light_rain;17=cloudy,小雨,小雨,小雨,小雨,小雨,曇り,曇り,17:00から曇り
83,10/22,晩秋,森,light_rain;17=cloudy,小雨,小雨,小雨,小雨,小雨,曇り,曇り,17:00から曇り
84,10/23,晩秋,森,light_rain;16=cloudy,小雨,小雨,小雨,小雨,小雨,曇り,曇り,16:00から曇り
85,10/24,晩秋,森,rain,雨,雨,雨,雨,雨,雨,雨,終日変化なし
86,10/25,晩秋,森,fog;08=clear,霧,霧,晴れ,晴れ,晴れ,晴れ,晴れ,08:00から晴れ
87,10/26,晩秋,森,fog;09=clear,霧,霧,晴れ,晴れ,晴れ,晴れ,晴れ,09:00から晴れ
88,10/27,晩秋,森,cloudy;15=light_rain;20=cloudy,曇り,曇り,曇り,曇り,小雨,小雨,曇り,15:00から小雨・20:00から曇り
89,10/28,晩秋,森,fog;12=cloudy,霧,霧,霧,曇り,曇り,曇り,曇り,12:00から曇り
90,10/29,晩秋,森,cloudy;22=fog,曇り,曇り,曇り,曇り,曇り,曇り,曇り,22:00から霧
91,10/30,晩秋,森,cloudy;18=fog,曇り,曇り,曇り,曇り,曇り,霧,霧,18:00から霧
92,10/31,晩秋,森,rain,雨,雨,雨,雨,雨,雨,雨,終日変化なし
93,11/1,晩秋,森,fog;10=cloudy,霧,霧,霧,曇り,曇り,曇り,曇り,10:00から曇り
94,11/2,晩秋,森,fog;12=cloudy,霧,霧,霧,曇り,曇り,曇り,曇り,12:00から曇り
95,11/3,晩秋,森,fog;11=cloudy,霧,霧,霧,曇り,曇り,曇り,曇り,11:00から曇り
96,11/4,晩秋,森,cloudy,曇り,曇り,曇り,曇り,曇り,曇り,曇り,終日変化なし
97,11/5,晩秋,森,rain,雨,雨,雨,雨,雨,雨,雨,終日変化なし
98,11/6,晩秋,森,cloudy,曇り,曇り,曇り,曇り,曇り,曇り,曇り,終日変化なし
99,11/7,晩秋,森,fog;09=clear,霧,霧,晴れ,晴れ,晴れ,晴れ,晴れ,09:00から晴れ
100,11/8,晩秋,森,cloudy,曇り,曇り,曇り,曇り,曇り,曇り,曇り,終日変化なし
1,8/1,盛夏,エルフの隠れ里,fog;09=clear,霧,霧,晴れ,晴れ,晴れ,晴れ,晴れ,09:00から晴れ
2,8/2,盛夏,エルフの隠れ里,cloudy;11=clear,曇り,曇り,曇り,晴れ,晴れ,晴れ,晴れ,11:00から晴れ
3,8/3,盛夏,エルフの隠れ里,clear;13=cloudy;18=clear,晴れ,晴れ,晴れ,晴れ,曇り,晴れ,晴れ,13:00から曇り・18:00から晴れ
4,8/4,盛夏,エルフの隠れ里,fog;10=cloudy,霧,霧,霧,曇り,曇り,曇り,曇り,10:00から曇り
5,8/5,盛夏,エルフの隠れ里,rain,雨,雨,雨,雨,雨,雨,雨,終日変化なし
6,8/6,盛夏,エルフの隠れ里,fog;10=cloudy,霧,霧,霧,曇り,曇り,曇り,曇り,10:00から曇り
7,8/7,盛夏,エルフの隠れ里,cloudy;16=light_rain;18=cloudy,曇り,曇り,曇り,曇り,曇り,曇り,曇り,16:00から小雨・18:00から曇り
8,8/8,盛夏,エルフの隠れ里,cloudy;13=clear,曇り,曇り,曇り,曇り,晴れ,晴れ,晴れ,13:00から晴れ
9,8/9,盛夏,エルフの隠れ里,rain,雨,雨,雨,雨,雨,雨,雨,終日変化なし
10,8/10,盛夏,エルフの隠れ里,cloudy;13=light_rain;21=cloudy,曇り,曇り,曇り,曇り,小雨,小雨,曇り,13:00から小雨・21:00から曇り
11,8/11,盛夏,エルフの隠れ里,clear;14=cloudy;19=clear,晴れ,晴れ,晴れ,晴れ,曇り,曇り,晴れ,14:00から曇り・19:00から晴れ
12,8/12,盛夏,エルフの隠れ里,clear;18=storm;19=cloudy,晴れ,晴れ,晴れ,晴れ,晴れ,雷雨,曇り,18:00から雷雨・19:00から曇り
13,8/13,盛夏,エルフの隠れ里,clear;16=cloudy;20=clear,晴れ,晴れ,晴れ,晴れ,晴れ,曇り,晴れ,16:00から曇り・20:00から晴れ
14,8/14,盛夏,エルフの隠れ里,fog;09=clear,霧,霧,晴れ,晴れ,晴れ,晴れ,晴れ,09:00から晴れ
15,8/15,盛夏,エルフの隠れ里,clear;20=storm;21=cloudy,晴れ,晴れ,晴れ,晴れ,晴れ,晴れ,曇り,20:00から雷雨・21:00から曇り
16,8/16,盛夏,エルフの隠れ里,cloudy;11=clear,曇り,曇り,曇り,晴れ,晴れ,晴れ,晴れ,11:00から晴れ
17,8/17,盛夏,エルフの隠れ里,clear;19=storm;20=cloudy,晴れ,晴れ,晴れ,晴れ,晴れ,晴れ,曇り,19:00から雷雨・20:00から曇り
18,8/18,盛夏,エルフの隠れ里,fog;10=clear,霧,霧,霧,晴れ,晴れ,晴れ,晴れ,10:00から晴れ
19,8/19,盛夏,エルフの隠れ里,fog;08=clear,霧,霧,晴れ,晴れ,晴れ,晴れ,晴れ,08:00から晴れ
20,8/20,盛夏,エルフの隠れ里,fog;12=clear,霧,霧,霧,晴れ,晴れ,晴れ,晴れ,12:00から晴れ
21,8/21,盛夏,エルフの隠れ里,clear;16=storm;20=cloudy,晴れ,晴れ,晴れ,晴れ,晴れ,雷雨,曇り,16:00から雷雨・20:00から曇り
22,8/22,盛夏,エルフの隠れ里,clear;18=storm;22=cloudy,晴れ,晴れ,晴れ,晴れ,晴れ,雷雨,雷雨,18:00から雷雨・22:00から曇り
23,8/23,晩夏,エルフの隠れ里,cloudy;14=light_rain;18=cloudy,曇り,曇り,曇り,曇り,小雨,曇り,曇り,14:00から小雨・18:00から曇り
24,8/24,晩夏,エルフの隠れ里,cloudy,曇り,曇り,曇り,曇り,曇り,曇り,曇り,終日変化なし
25,8/25,晩夏,エルフの隠れ里,fog;09=cloudy,霧,霧,曇り,曇り,曇り,曇り,曇り,09:00から曇り
26,8/26,晩夏,エルフの隠れ里,cloudy;16=rain;23=cloudy,曇り,曇り,曇り,曇り,曇り,雨,雨,16:00から雨・23:00から曇り
27,8/27,晩夏,エルフの隠れ里,clear;17=storm;18=cloudy,晴れ,晴れ,晴れ,晴れ,晴れ,曇り,曇り,17:00から雷雨・18:00から曇り
28,8/28,晩夏,エルフの隠れ里,fog;12=cloudy,霧,霧,霧,曇り,曇り,曇り,曇り,12:00から曇り
29,8/29,晩夏,エルフの隠れ里,fog;09=clear,霧,霧,晴れ,晴れ,晴れ,晴れ,晴れ,09:00から晴れ
30,8/30,晩夏,エルフの隠れ里,fog;12=cloudy,霧,霧,霧,曇り,曇り,曇り,曇り,12:00から曇り
31,8/31,晩夏,エルフの隠れ里,fog;09=clear,霧,霧,晴れ,晴れ,晴れ,晴れ,晴れ,09:00から晴れ
32,9/1,晩夏,エルフの隠れ里,cloudy;10=clear,曇り,曇り,曇り,晴れ,晴れ,晴れ,晴れ,10:00から晴れ
33,9/2,晩夏,エルフの隠れ里,cloudy;17=light_rain;21=cloudy,曇り,曇り,曇り,曇り,曇り,小雨,曇り,17:00から小雨・21:00から曇り
34,9/3,晩夏,エルフの隠れ里,cloudy;12=clear,曇り,曇り,曇り,晴れ,晴れ,晴れ,晴れ,12:00から晴れ
35,9/4,晩夏,エルフの隠れ里,fog;10=cloudy,霧,霧,霧,曇り,曇り,曇り,曇り,10:00から曇り
36,9/5,晩夏,エルフの隠れ里,cloudy,曇り,曇り,曇り,曇り,曇り,曇り,曇り,終日変化なし
37,9/6,晩夏,エルフの隠れ里,cloudy;14=rain;21=cloudy,曇り,曇り,曇り,曇り,雨,雨,曇り,14:00から雨・21:00から曇り
38,9/7,晩夏,エルフの隠れ里,cloudy;13=light_rain;19=cloudy,曇り,曇り,曇り,曇り,小雨,小雨,曇り,13:00から小雨・19:00から曇り
39,9/8,晩夏,エルフの隠れ里,cloudy;17=light_rain;19=cloudy,曇り,曇り,曇り,曇り,曇り,小雨,曇り,17:00から小雨・19:00から曇り
40,9/9,晩夏,エルフの隠れ里,fog;10=clear,霧,霧,霧,晴れ,晴れ,晴れ,晴れ,10:00から晴れ
41,9/10,晩夏,エルフの隠れ里,clear;15=cloudy;19=clear,晴れ,晴れ,晴れ,晴れ,曇り,曇り,晴れ,15:00から曇り・19:00から晴れ
42,9/11,晩夏,エルフの隠れ里,fog;12=clear,霧,霧,霧,晴れ,晴れ,晴れ,晴れ,12:00から晴れ
43,9/12,晩夏,エルフの隠れ里,cloudy;12=clear,曇り,曇り,曇り,晴れ,晴れ,晴れ,晴れ,12:00から晴れ
44,9/13,晩夏,エルフの隠れ里,rain,雨,雨,雨,雨,雨,雨,雨,終日変化なし
45,9/14,晩夏,エルフの隠れ里,clear;13=cloudy;18=clear,晴れ,晴れ,晴れ,晴れ,曇り,晴れ,晴れ,13:00から曇り・18:00から晴れ
46,9/15,秋,エルフの隠れ里,fog;09=cloudy,霧,霧,曇り,曇り,曇り,曇り,曇り,09:00から曇り
47,9/16,秋,エルフの隠れ里,cloudy;18=fog,曇り,曇り,曇り,曇り,曇り,霧,霧,18:00から霧
48,9/17,秋,エルフの隠れ里,light_rain;19=cloudy,小雨,小雨,小雨,小雨,小雨,小雨,曇り,19:00から曇り
49,9/18,秋,エルフの隠れ里,light_rain;18=cloudy,小雨,小雨,小雨,小雨,小雨,曇り,曇り,18:00から曇り
50,9/19,秋,エルフの隠れ里,fog;08=clear,霧,霧,晴れ,晴れ,晴れ,晴れ,晴れ,08:00から晴れ
51,9/20,秋,エルフの隠れ里,cloudy;21=fog,曇り,曇り,曇り,曇り,曇り,曇り,霧,21:00から霧
52,9/21,秋,エルフの隠れ里,cloudy;15=rain;23=cloudy,曇り,曇り,曇り,曇り,雨,雨,雨,15:00から雨・23:00から曇り
53,9/22,秋,エルフの隠れ里,cloudy;14=rain;23=cloudy,曇り,曇り,曇り,曇り,雨,雨,雨,14:00から雨・23:00から曇り
54,9/23,秋,エルフの隠れ里,cloudy,曇り,曇り,曇り,曇り,曇り,曇り,曇り,終日変化なし
55,9/24,秋,エルフの隠れ里,cloudy,曇り,曇り,曇り,曇り,曇り,曇り,曇り,終日変化なし
56,9/25,秋,エルフの隠れ里,light_rain;15=cloudy,小雨,小雨,小雨,小雨,曇り,曇り,曇り,15:00から曇り
57,9/26,秋,エルフの隠れ里,cloudy;17=rain;23=cloudy,曇り,曇り,曇り,曇り,曇り,雨,雨,17:00から雨・23:00から曇り
58,9/27,秋,エルフの隠れ里,cloudy;21=fog,曇り,曇り,曇り,曇り,曇り,曇り,霧,21:00から霧
59,9/28,秋,エルフの隠れ里,cloudy;10=clear,曇り,曇り,曇り,晴れ,晴れ,晴れ,晴れ,10:00から晴れ
60,9/29,秋,エルフの隠れ里,cloudy,曇り,曇り,曇り,曇り,曇り,曇り,曇り,終日変化なし
61,9/30,秋,エルフの隠れ里,cloudy;17=light_rain;18=cloudy,曇り,曇り,曇り,曇り,曇り,曇り,曇り,17:00から小雨・18:00から曇り
62,10/1,秋,エルフの隠れ里,cloudy;14=clear,曇り,曇り,曇り,曇り,晴れ,晴れ,晴れ,14:00から晴れ
63,10/2,秋,エルフの隠れ里,fog;09=cloudy,霧,霧,曇り,曇り,曇り,曇り,曇り,09:00から曇り
64,10/3,秋,エルフの隠れ里,fog;11=cloudy,霧,霧,霧,曇り,曇り,曇り,曇り,11:00から曇り
65,10/4,秋,エルフの隠れ里,rain,雨,雨,雨,雨,雨,雨,雨,終日変化なし
66,10/5,秋,エルフの隠れ里,cloudy;11=clear,曇り,曇り,曇り,晴れ,晴れ,晴れ,晴れ,11:00から晴れ
67,10/6,秋,エルフの隠れ里,fog;11=clear,霧,霧,霧,晴れ,晴れ,晴れ,晴れ,11:00から晴れ
68,10/7,秋,エルフの隠れ里,fog;09=cloudy,霧,霧,曇り,曇り,曇り,曇り,曇り,09:00から曇り
69,10/8,秋,エルフの隠れ里,fog;12=clear,霧,霧,霧,晴れ,晴れ,晴れ,晴れ,12:00から晴れ
70,10/9,秋,エルフの隠れ里,cloudy,曇り,曇り,曇り,曇り,曇り,曇り,曇り,終日変化なし
71,10/10,晩秋,エルフの隠れ里,cloudy;16=light_rain;18=cloudy,曇り,曇り,曇り,曇り,曇り,曇り,曇り,16:00から小雨・18:00から曇り
72,10/11,晩秋,エルフの隠れ里,fog;10=cloudy,霧,霧,霧,曇り,曇り,曇り,曇り,10:00から曇り
73,10/12,晩秋,エルフの隠れ里,rain,雨,雨,雨,雨,雨,雨,雨,終日変化なし
74,10/13,晩秋,エルフの隠れ里,cloudy,曇り,曇り,曇り,曇り,曇り,曇り,曇り,終日変化なし
75,10/14,晩秋,エルフの隠れ里,fog;11=cloudy,霧,霧,霧,曇り,曇り,曇り,曇り,11:00から曇り
76,10/15,晩秋,エルフの隠れ里,cloudy;19=fog,曇り,曇り,曇り,曇り,曇り,曇り,霧,19:00から霧
77,10/16,晩秋,エルフの隠れ里,cloudy,曇り,曇り,曇り,曇り,曇り,曇り,曇り,終日変化なし
78,10/17,晩秋,エルフの隠れ里,cloudy;22=fog,曇り,曇り,曇り,曇り,曇り,曇り,曇り,22:00から霧
79,10/18,晩秋,エルフの隠れ里,fog;09=cloudy,霧,霧,曇り,曇り,曇り,曇り,曇り,09:00から曇り
80,10/19,晩秋,エルフの隠れ里,fog;13=cloudy,霧,霧,霧,霧,曇り,曇り,曇り,13:00から曇り
81,10/20,晩秋,エルフの隠れ里,light_rain;16=cloudy,小雨,小雨,小雨,小雨,小雨,曇り,曇り,16:00から曇り
82,10/21,晩秋,エルフの隠れ里,fog;09=cloudy,霧,霧,曇り,曇り,曇り,曇り,曇り,09:00から曇り
83,10/22,晩秋,エルフの隠れ里,fog;09=clear,霧,霧,晴れ,晴れ,晴れ,晴れ,晴れ,09:00から晴れ
84,10/23,晩秋,エルフの隠れ里,cloudy;14=light_rain;20=cloudy,曇り,曇り,曇り,曇り,小雨,小雨,曇り,14:00から小雨・20:00から曇り
85,10/24,晩秋,エルフの隠れ里,fog;10=clear,霧,霧,霧,晴れ,晴れ,晴れ,晴れ,10:00から晴れ
86,10/25,晩秋,エルフの隠れ里,rain,雨,雨,雨,雨,雨,雨,雨,終日変化なし
87,10/26,晩秋,エルフの隠れ里,cloudy,曇り,曇り,曇り,曇り,曇り,曇り,曇り,終日変化なし
88,10/27,晩秋,エルフの隠れ里,cloudy;19=fog,曇り,曇り,曇り,曇り,曇り,曇り,霧,19:00から霧
89,10/28,晩秋,エルフの隠れ里,cloudy;15=rain;21=cloudy,曇り,曇り,曇り,曇り,雨,雨,曇り,15:00から雨・21:00から曇り
90,10/29,晩秋,エルフの隠れ里,cloudy,曇り,曇り,曇り,曇り,曇り,曇り,曇り,終日変化なし
91,10/30,晩秋,エルフの隠れ里,fog;10=cloudy,霧,霧,霧,曇り,曇り,曇り,曇り,10:00から曇り
92,10/31,晩秋,エルフの隠れ里,fog;13=cloudy,霧,霧,霧,霧,曇り,曇り,曇り,13:00から曇り
93,11/1,晩秋,エルフの隠れ里,fog;08=clear,霧,霧,晴れ,晴れ,晴れ,晴れ,晴れ,08:00から晴れ
94,11/2,晩秋,エルフの隠れ里,rain,雨,雨,雨,雨,雨,雨,雨,終日変化なし
95,11/3,晩秋,エルフの隠れ里,cloudy;18=fog,曇り,曇り,曇り,曇り,曇り,霧,霧,18:00から霧
96,11/4,晩秋,エルフの隠れ里,fog;09=cloudy,霧,霧,曇り,曇り,曇り,曇り,曇り,09:00から曇り
97,11/5,晩秋,エルフの隠れ里,cloudy,曇り,曇り,曇り,曇り,曇り,曇り,曇り,終日変化なし
98,11/6,晩秋,エルフの隠れ里,fog;11=clear,霧,霧,霧,晴れ,晴れ,晴れ,晴れ,11:00から晴れ
99,11/7,晩秋,エルフの隠れ里,fog;12=cloudy,霧,霧,霧,曇り,曇り,曇り,曇り,12:00から曇り
100,11/8,晩秋,エルフの隠れ里,fog;09=clear,霧,霧,晴れ,晴れ,晴れ,晴れ,晴れ,09:00から晴れ
1,8/1,盛夏,交易都市,clear;08=cloudy;14=clear,晴れ,晴れ,曇り,曇り,晴れ,晴れ,晴れ,08:00から曇り・14:00から晴れ
2,8/2,盛夏,交易都市,clear;12=cloudy;14=clear,晴れ,晴れ,晴れ,曇り,晴れ,晴れ,晴れ,12:00から曇り・14:00から晴れ
3,8/3,盛夏,交易都市,cloudy;06=strong_wind;17=cloudy,曇り,強風,強風,強風,強風,曇り,曇り,06:00から強風・17:00から曇り
4,8/4,盛夏,交易都市,cloudy;12=storm;15=rain;19=cloudy,曇り,曇り,曇り,雷雨,雨,雨,曇り,12:00から雷雨・15:00から雨・19:00から曇り
5,8/5,盛夏,交易都市,cloudy;13=rain;20=cloudy,曇り,曇り,曇り,曇り,雨,雨,曇り,13:00から雨・20:00から曇り
6,8/6,盛夏,交易都市,clear,晴れ,晴れ,晴れ,晴れ,晴れ,晴れ,晴れ,終日変化なし
7,8/7,盛夏,交易都市,cloudy;06=strong_wind;16=cloudy,曇り,強風,強風,強風,強風,曇り,曇り,06:00から強風・16:00から曇り
8,8/8,盛夏,交易都市,cloudy;10=storm;14=rain;19=cloudy,曇り,曇り,曇り,雷雨,雨,雨,曇り,10:00から雷雨・14:00から雨・19:00から曇り
9,8/9,盛夏,交易都市,cloudy;05=strong_wind;14=cloudy,曇り,強風,強風,強風,曇り,曇り,曇り,05:00から強風・14:00から曇り
10,8/10,盛夏,交易都市,cloudy;07=strong_wind;15=cloudy,曇り,曇り,強風,強風,曇り,曇り,曇り,07:00から強風・15:00から曇り
11,8/11,盛夏,交易都市,cloudy;08=strong_wind;14=cloudy,曇り,曇り,強風,強風,曇り,曇り,曇り,08:00から強風・14:00から曇り
12,8/12,盛夏,交易都市,cloudy;05=strong_wind;16=cloudy,曇り,強風,強風,強風,強風,曇り,曇り,05:00から強風・16:00から曇り
13,8/13,盛夏,交易都市,cloudy;07=strong_wind;14=cloudy,曇り,曇り,強風,強風,曇り,曇り,曇り,07:00から強風・14:00から曇り
14,8/14,盛夏,交易都市,clear,晴れ,晴れ,晴れ,晴れ,晴れ,晴れ,晴れ,終日変化なし
15,8/15,盛夏,交易都市,clear;06=strong_wind;16=clear,晴れ,強風,強風,強風,強風,晴れ,晴れ,06:00から強風・16:00から晴れ
16,8/16,盛夏,交易都市,clear,晴れ,晴れ,晴れ,晴れ,晴れ,晴れ,晴れ,終日変化なし
17,8/17,盛夏,交易都市,cloudy;05=strong_wind;16=cloudy,曇り,強風,強風,強風,強風,曇り,曇り,05:00から強風・16:00から曇り
18,8/18,盛夏,交易都市,clear,晴れ,晴れ,晴れ,晴れ,晴れ,晴れ,晴れ,終日変化なし
19,8/19,盛夏,交易都市,cloudy;06=clear,曇り,晴れ,晴れ,晴れ,晴れ,晴れ,晴れ,06:00から晴れ
20,8/20,盛夏,交易都市,clear;10=cloudy;13=clear,晴れ,晴れ,晴れ,曇り,晴れ,晴れ,晴れ,10:00から曇り・13:00から晴れ
21,8/21,盛夏,交易都市,clear,晴れ,晴れ,晴れ,晴れ,晴れ,晴れ,晴れ,終日変化なし
22,8/22,盛夏,交易都市,cloudy;10=light_rain;12=cloudy,曇り,曇り,曇り,曇り,曇り,曇り,曇り,10:00から小雨・12:00から曇り
23,8/23,晩夏,交易都市,cloudy,曇り,曇り,曇り,曇り,曇り,曇り,曇り,終日変化なし
24,8/24,晩夏,交易都市,clear;08=cloudy;14=clear,晴れ,晴れ,曇り,曇り,晴れ,晴れ,晴れ,08:00から曇り・14:00から晴れ
25,8/25,晩夏,交易都市,cloudy;06=clear,曇り,晴れ,晴れ,晴れ,晴れ,晴れ,晴れ,06:00から晴れ
26,8/26,晩夏,交易都市,cloudy;08=light_rain;16=cloudy,曇り,曇り,小雨,小雨,小雨,曇り,曇り,08:00から小雨・16:00から曇り
27,8/27,晩夏,交易都市,cloudy;10=rain;18=cloudy,曇り,曇り,曇り,雨,雨,曇り,曇り,10:00から雨・18:00から曇り
28,8/28,晩夏,交易都市,cloudy;09=strong_wind;17=cloudy,曇り,曇り,強風,強風,強風,曇り,曇り,09:00から強風・17:00から曇り
29,8/29,晩夏,交易都市,clear,晴れ,晴れ,晴れ,晴れ,晴れ,晴れ,晴れ,終日変化なし
30,8/30,晩夏,交易都市,cloudy,曇り,曇り,曇り,曇り,曇り,曇り,曇り,終日変化なし
31,8/31,晩夏,交易都市,clear,晴れ,晴れ,晴れ,晴れ,晴れ,晴れ,晴れ,終日変化なし
32,9/1,晩夏,交易都市,cloudy;09=rain;20=cloudy,曇り,曇り,雨,雨,雨,雨,曇り,09:00から雨・20:00から曇り
33,9/2,晩夏,交易都市,rain,雨,雨,雨,雨,雨,雨,雨,終日変化なし
34,9/3,晩夏,交易都市,cloudy;07=strong_wind;16=cloudy,曇り,曇り,強風,強風,強風,曇り,曇り,07:00から強風・16:00から曇り
35,9/4,晩夏,交易都市,cloudy;06=strong_wind;16=cloudy,曇り,強風,強風,強風,強風,曇り,曇り,06:00から強風・16:00から曇り
36,9/5,晩夏,交易都市,cloudy;08=strong_wind;13=cloudy,曇り,曇り,強風,強風,曇り,曇り,曇り,08:00から強風・13:00から曇り
37,9/6,晩夏,交易都市,cloudy;09=storm;16=rain;17=cloudy,曇り,曇り,雷雨,雷雨,雷雨,曇り,曇り,09:00から雷雨・16:00から雨・17:00から曇り
38,9/7,晩夏,交易都市,cloudy;12=rain;19=cloudy,曇り,曇り,曇り,雨,雨,雨,曇り,12:00から雨・19:00から曇り
39,9/8,晩夏,交易都市,cloudy;13=rain;19=cloudy,曇り,曇り,曇り,曇り,雨,雨,曇り,13:00から雨・19:00から曇り
40,9/9,晩夏,交易都市,clear,晴れ,晴れ,晴れ,晴れ,晴れ,晴れ,晴れ,終日変化なし
41,9/10,晩夏,交易都市,clear,晴れ,晴れ,晴れ,晴れ,晴れ,晴れ,晴れ,終日変化なし
42,9/11,晩夏,交易都市,clear,晴れ,晴れ,晴れ,晴れ,晴れ,晴れ,晴れ,終日変化なし
43,9/12,晩夏,交易都市,cloudy;11=storm;18=rain;19=cloudy,曇り,曇り,曇り,雷雨,雷雨,雨,曇り,11:00から雷雨・18:00から雨・19:00から曇り
44,9/13,晩夏,交易都市,clear;06=strong_wind;15=clear,晴れ,強風,強風,強風,晴れ,晴れ,晴れ,06:00から強風・15:00から晴れ
45,9/14,晩夏,交易都市,cloudy;06=strong_wind;15=cloudy,曇り,強風,強風,強風,曇り,曇り,曇り,06:00から強風・15:00から曇り
46,9/15,秋,交易都市,cloudy;11=light_rain;14=cloudy,曇り,曇り,曇り,小雨,曇り,曇り,曇り,11:00から小雨・14:00から曇り
47,9/16,秋,交易都市,cloudy;09=strong_wind;13=cloudy,曇り,曇り,強風,強風,曇り,曇り,曇り,09:00から強風・13:00から曇り
48,9/17,秋,交易都市,clear;06=strong_wind;16=clear,晴れ,強風,強風,強風,強風,晴れ,晴れ,06:00から強風・16:00から晴れ
49,9/18,秋,交易都市,cloudy;10=rain;16=cloudy,曇り,曇り,曇り,雨,雨,曇り,曇り,10:00から雨・16:00から曇り
50,9/19,秋,交易都市,cloudy;08=strong_wind;16=cloudy,曇り,曇り,強風,強風,強風,曇り,曇り,08:00から強風・16:00から曇り
51,9/20,秋,交易都市,cloudy,曇り,曇り,曇り,曇り,曇り,曇り,曇り,終日変化なし
52,9/21,秋,交易都市,rain,雨,雨,雨,雨,雨,雨,雨,終日変化なし
53,9/22,秋,交易都市,cloudy;12=storm;18=rain;19=cloudy,曇り,曇り,曇り,雷雨,雷雨,雨,曇り,12:00から雷雨・18:00から雨・19:00から曇り
54,9/23,秋,交易都市,clear;08=strong_wind;14=clear,晴れ,晴れ,強風,強風,晴れ,晴れ,晴れ,08:00から強風・14:00から晴れ
55,9/24,秋,交易都市,clear,晴れ,晴れ,晴れ,晴れ,晴れ,晴れ,晴れ,終日変化なし
56,9/25,秋,交易都市,cloudy;12=rain;19=cloudy,曇り,曇り,曇り,雨,雨,雨,曇り,12:00から雨・19:00から曇り
57,9/26,秋,交易都市,cloudy;10=rain;16=cloudy,曇り,曇り,曇り,雨,雨,曇り,曇り,10:00から雨・16:00から曇り
58,9/27,秋,交易都市,cloudy;09=strong_wind;16=cloudy,曇り,曇り,強風,強風,強風,曇り,曇り,09:00から強風・16:00から曇り
59,9/28,秋,交易都市,cloudy;07=strong_wind;14=cloudy,曇り,曇り,強風,強風,曇り,曇り,曇り,07:00から強風・14:00から曇り
60,9/29,秋,交易都市,cloudy;09=strong_wind;15=cloudy,曇り,曇り,強風,強風,曇り,曇り,曇り,09:00から強風・15:00から曇り
61,9/30,秋,交易都市,clear;10=cloudy;13=clear,晴れ,晴れ,晴れ,曇り,晴れ,晴れ,晴れ,10:00から曇り・13:00から晴れ
62,10/1,秋,交易都市,cloudy;11=light_rain;12=cloudy,曇り,曇り,曇り,曇り,曇り,曇り,曇り,11:00から小雨・12:00から曇り
63,10/2,秋,交易都市,cloudy;05=strong_wind;13=cloudy,曇り,強風,強風,強風,曇り,曇り,曇り,05:00から強風・13:00から曇り
64,10/3,秋,交易都市,cloudy;12=rain;18=cloudy,曇り,曇り,曇り,雨,雨,曇り,曇り,12:00から雨・18:00から曇り
65,10/4,秋,交易都市,cloudy;09=storm;15=rain;20=cloudy,曇り,曇り,雷雨,雷雨,雨,雨,曇り,09:00から雷雨・15:00から雨・20:00から曇り
66,10/5,秋,交易都市,clear;12=cloudy;14=clear,晴れ,晴れ,晴れ,曇り,晴れ,晴れ,晴れ,12:00から曇り・14:00から晴れ
67,10/6,秋,交易都市,cloudy;11=storm;16=rain;21=cloudy,曇り,曇り,曇り,雷雨,雷雨,雨,曇り,11:00から雷雨・16:00から雨・21:00から曇り
68,10/7,秋,交易都市,cloudy;05=strong_wind;15=cloudy,曇り,強風,強風,強風,曇り,曇り,曇り,05:00から強風・15:00から曇り
69,10/8,秋,交易都市,clear;10=cloudy;15=clear,晴れ,晴れ,晴れ,曇り,晴れ,晴れ,晴れ,10:00から曇り・15:00から晴れ
70,10/9,秋,交易都市,rain,雨,雨,雨,雨,雨,雨,雨,終日変化なし
71,10/10,晩秋,交易都市,cloudy;08=strong_wind;14=cloudy,曇り,曇り,強風,強風,曇り,曇り,曇り,08:00から強風・14:00から曇り
72,10/11,晩秋,交易都市,cloudy;09=strong_wind;17=cloudy,曇り,曇り,強風,強風,強風,曇り,曇り,09:00から強風・17:00から曇り
73,10/12,晩秋,交易都市,cloudy;09=rain;19=cloudy,曇り,曇り,雨,雨,雨,雨,曇り,09:00から雨・19:00から曇り
74,10/13,晩秋,交易都市,cloudy;07=strong_wind;15=cloudy,曇り,曇り,強風,強風,曇り,曇り,曇り,07:00から強風・15:00から曇り
75,10/14,晩秋,交易都市,rain,雨,雨,雨,雨,雨,雨,雨,終日変化なし
76,10/15,晩秋,交易都市,cloudy,曇り,曇り,曇り,曇り,曇り,曇り,曇り,終日変化なし
77,10/16,晩秋,交易都市,cloudy;12=rain;16=cloudy,曇り,曇り,曇り,雨,雨,曇り,曇り,12:00から雨・16:00から曇り
78,10/17,晩秋,交易都市,cloudy,曇り,曇り,曇り,曇り,曇り,曇り,曇り,終日変化なし
79,10/18,晩秋,交易都市,cloudy;13=rain;17=cloudy,曇り,曇り,曇り,曇り,雨,曇り,曇り,13:00から雨・17:00から曇り
80,10/19,晩秋,交易都市,clear;07=strong_wind;18=clear,晴れ,晴れ,強風,強風,強風,晴れ,晴れ,07:00から強風・18:00から晴れ
81,10/20,晩秋,交易都市,cloudy,曇り,曇り,曇り,曇り,曇り,曇り,曇り,終日変化なし
82,10/21,晩秋,交易都市,rain,雨,雨,雨,雨,雨,雨,雨,終日変化なし
83,10/22,晩秋,交易都市,cloudy;07=strong_wind;16=cloudy,曇り,曇り,強風,強風,強風,曇り,曇り,07:00から強風・16:00から曇り
84,10/23,晩秋,交易都市,rain,雨,雨,雨,雨,雨,雨,雨,終日変化なし
85,10/24,晩秋,交易都市,light_rain;14=cloudy,小雨,小雨,小雨,小雨,曇り,曇り,曇り,14:00から曇り
86,10/25,晩秋,交易都市,cloudy;12=light_rain;16=cloudy,曇り,曇り,曇り,小雨,小雨,曇り,曇り,12:00から小雨・16:00から曇り
87,10/26,晩秋,交易都市,cloudy;11=light_rain;13=cloudy,曇り,曇り,曇り,小雨,曇り,曇り,曇り,11:00から小雨・13:00から曇り
88,10/27,晩秋,交易都市,clear;12=cloudy;14=clear,晴れ,晴れ,晴れ,曇り,晴れ,晴れ,晴れ,12:00から曇り・14:00から晴れ
89,10/28,晩秋,交易都市,rain,雨,雨,雨,雨,雨,雨,雨,終日変化なし
90,10/29,晩秋,交易都市,light_rain;11=cloudy,小雨,小雨,小雨,曇り,曇り,曇り,曇り,11:00から曇り
91,10/30,晩秋,交易都市,clear;07=strong_wind;14=clear,晴れ,晴れ,強風,強風,晴れ,晴れ,晴れ,07:00から強風・14:00から晴れ
92,10/31,晩秋,交易都市,cloudy;13=rain;18=cloudy,曇り,曇り,曇り,曇り,雨,曇り,曇り,13:00から雨・18:00から曇り
93,11/1,晩秋,交易都市,cloudy;10=light_rain;14=cloudy,曇り,曇り,曇り,小雨,曇り,曇り,曇り,10:00から小雨・14:00から曇り
94,11/2,晩秋,交易都市,cloudy;09=strong_wind;13=cloudy,曇り,曇り,強風,強風,曇り,曇り,曇り,09:00から強風・13:00から曇り
95,11/3,晩秋,交易都市,cloudy;10=light_rain;15=cloudy,曇り,曇り,曇り,小雨,曇り,曇り,曇り,10:00から小雨・15:00から曇り
96,11/4,晩秋,交易都市,clear;06=strong_wind;17=clear,晴れ,強風,強風,強風,強風,晴れ,晴れ,06:00から強風・17:00から晴れ
97,11/5,晩秋,交易都市,cloudy;13=rain;16=cloudy,曇り,曇り,曇り,曇り,雨,曇り,曇り,13:00から雨・16:00から曇り
98,11/6,晩秋,交易都市,cloudy;09=strong_wind;15=cloudy,曇り,曇り,強風,強風,曇り,曇り,曇り,09:00から強風・15:00から曇り
99,11/7,晩秋,交易都市,rain,雨,雨,雨,雨,雨,雨,雨,終日変化なし
100,11/8,晩秋,交易都市,cloudy;09=strong_wind;16=cloudy,曇り,曇り,強風,強風,強風,曇り,曇り,09:00から強風・16:00から曇り
1,8/1,盛夏,犯罪都市,cloudy;11=light_rain;16=cloudy,曇り,曇り,曇り,小雨,小雨,曇り,曇り,11:00から小雨・16:00から曇り
2,8/2,盛夏,犯罪都市,cloudy,曇り,曇り,曇り,曇り,曇り,曇り,曇り,終日変化なし
3,8/3,盛夏,犯罪都市,cloudy;18=fog,曇り,曇り,曇り,曇り,曇り,霧,霧,18:00から霧
4,8/4,盛夏,犯罪都市,clear;12=cloudy,晴れ,晴れ,晴れ,曇り,曇り,曇り,曇り,12:00から曇り
5,8/5,盛夏,犯罪都市,cloudy;13=light_rain;17=cloudy,曇り,曇り,曇り,曇り,小雨,曇り,曇り,13:00から小雨・17:00から曇り
6,8/6,盛夏,犯罪都市,cloudy,曇り,曇り,曇り,曇り,曇り,曇り,曇り,終日変化なし
7,8/7,盛夏,犯罪都市,clear;12=cloudy;15=clear,晴れ,晴れ,晴れ,曇り,晴れ,晴れ,晴れ,12:00から曇り・15:00から晴れ
8,8/8,盛夏,犯罪都市,clear,晴れ,晴れ,晴れ,晴れ,晴れ,晴れ,晴れ,終日変化なし
9,8/9,盛夏,犯罪都市,cloudy;10=light_rain;14=cloudy,曇り,曇り,曇り,小雨,曇り,曇り,曇り,10:00から小雨・14:00から曇り
10,8/10,盛夏,犯罪都市,cloudy;13=light_rain;15=cloudy,曇り,曇り,曇り,曇り,曇り,曇り,曇り,13:00から小雨・15:00から曇り
11,8/11,盛夏,犯罪都市,clear;16=storm;18=cloudy,晴れ,晴れ,晴れ,晴れ,晴れ,曇り,曇り,16:00から雷雨・18:00から曇り
12,8/12,盛夏,犯罪都市,cloudy,曇り,曇り,曇り,曇り,曇り,曇り,曇り,終日変化なし
13,8/13,盛夏,犯罪都市,clear;13=cloudy,晴れ,晴れ,晴れ,晴れ,曇り,曇り,曇り,13:00から曇り
14,8/14,盛夏,犯罪都市,clear;13=cloudy;14=clear,晴れ,晴れ,晴れ,晴れ,晴れ,晴れ,晴れ,13:00から曇り・14:00から晴れ
15,8/15,盛夏,犯罪都市,clear;10=cloudy,晴れ,晴れ,晴れ,曇り,曇り,曇り,曇り,10:00から曇り
16,8/16,盛夏,犯罪都市,clear;12=cloudy,晴れ,晴れ,晴れ,曇り,曇り,曇り,曇り,12:00から曇り
17,8/17,盛夏,犯罪都市,clear;16=storm;17=cloudy,晴れ,晴れ,晴れ,晴れ,晴れ,曇り,曇り,16:00から雷雨・17:00から曇り
18,8/18,盛夏,犯罪都市,cloudy,曇り,曇り,曇り,曇り,曇り,曇り,曇り,終日変化なし
19,8/19,盛夏,犯罪都市,clear;11=cloudy,晴れ,晴れ,晴れ,曇り,曇り,曇り,曇り,11:00から曇り
20,8/20,盛夏,犯罪都市,clear;13=cloudy,晴れ,晴れ,晴れ,晴れ,曇り,曇り,曇り,13:00から曇り
21,8/21,盛夏,犯罪都市,clear,晴れ,晴れ,晴れ,晴れ,晴れ,晴れ,晴れ,終日変化なし
22,8/22,盛夏,犯罪都市,cloudy,曇り,曇り,曇り,曇り,曇り,曇り,曇り,終日変化なし
23,8/23,晩夏,犯罪都市,light_rain;11=cloudy,小雨,小雨,小雨,曇り,曇り,曇り,曇り,11:00から曇り
24,8/24,晩夏,犯罪都市,cloudy,曇り,曇り,曇り,曇り,曇り,曇り,曇り,終日変化なし
25,8/25,晩夏,犯罪都市,light_rain;14=cloudy,小雨,小雨,小雨,小雨,曇り,曇り,曇り,14:00から曇り
26,8/26,晩夏,犯罪都市,cloudy,曇り,曇り,曇り,曇り,曇り,曇り,曇り,終日変化なし
27,8/27,晩夏,犯罪都市,rain,雨,雨,雨,雨,雨,雨,雨,終日変化なし
28,8/28,晩夏,犯罪都市,clear;11=cloudy;14=clear,晴れ,晴れ,晴れ,曇り,晴れ,晴れ,晴れ,11:00から曇り・14:00から晴れ
29,8/29,晩夏,犯罪都市,clear,晴れ,晴れ,晴れ,晴れ,晴れ,晴れ,晴れ,終日変化なし
30,8/30,晩夏,犯罪都市,light_rain;12=cloudy,小雨,小雨,小雨,曇り,曇り,曇り,曇り,12:00から曇り
31,8/31,晩夏,犯罪都市,clear;12=cloudy;14=clear,晴れ,晴れ,晴れ,曇り,晴れ,晴れ,晴れ,12:00から曇り・14:00から晴れ
32,9/1,晩夏,犯罪都市,clear,晴れ,晴れ,晴れ,晴れ,晴れ,晴れ,晴れ,終日変化なし
33,9/2,晩夏,犯罪都市,cloudy;12=light_rain;15=cloudy,曇り,曇り,曇り,小雨,曇り,曇り,曇り,12:00から小雨・15:00から曇り
34,9/3,晩夏,犯罪都市,clear,晴れ,晴れ,晴れ,晴れ,晴れ,晴れ,晴れ,終日変化なし
35,9/4,晩夏,犯罪都市,cloudy,曇り,曇り,曇り,曇り,曇り,曇り,曇り,終日変化なし
36,9/5,晩夏,犯罪都市,clear,晴れ,晴れ,晴れ,晴れ,晴れ,晴れ,晴れ,終日変化なし
37,9/6,晩夏,犯罪都市,cloudy,曇り,曇り,曇り,曇り,曇り,曇り,曇り,終日変化なし
38,9/7,晩夏,犯罪都市,cloudy;13=rain;17=cloudy,曇り,曇り,曇り,曇り,雨,曇り,曇り,13:00から雨・17:00から曇り
39,9/8,晩夏,犯罪都市,cloudy,曇り,曇り,曇り,曇り,曇り,曇り,曇り,終日変化なし
40,9/9,晩夏,犯罪都市,cloudy,曇り,曇り,曇り,曇り,曇り,曇り,曇り,終日変化なし
41,9/10,晩夏,犯罪都市,cloudy;12=light_rain;13=cloudy,曇り,曇り,曇り,小雨,曇り,曇り,曇り,12:00から小雨・13:00から曇り
42,9/11,晩夏,犯罪都市,cloudy,曇り,曇り,曇り,曇り,曇り,曇り,曇り,終日変化なし
43,9/12,晩夏,犯罪都市,clear,晴れ,晴れ,晴れ,晴れ,晴れ,晴れ,晴れ,終日変化なし
44,9/13,晩夏,犯罪都市,cloudy;14=rain;21=cloudy,曇り,曇り,曇り,曇り,雨,雨,曇り,14:00から雨・21:00から曇り
45,9/14,晩夏,犯罪都市,clear;10=cloudy,晴れ,晴れ,晴れ,曇り,曇り,曇り,曇り,10:00から曇り
46,9/15,秋,犯罪都市,clear;12=cloudy;16=clear,晴れ,晴れ,晴れ,曇り,曇り,晴れ,晴れ,12:00から曇り・16:00から晴れ
47,9/16,秋,犯罪都市,clear;10=cloudy;17=clear,晴れ,晴れ,晴れ,曇り,曇り,晴れ,晴れ,10:00から曇り・17:00から晴れ
48,9/17,秋,犯罪都市,clear,晴れ,晴れ,晴れ,晴れ,晴れ,晴れ,晴れ,終日変化なし
49,9/18,秋,犯罪都市,light_rain;12=cloudy,小雨,小雨,小雨,曇り,曇り,曇り,曇り,12:00から曇り
50,9/19,秋,犯罪都市,clear;14=cloudy,晴れ,晴れ,晴れ,晴れ,曇り,曇り,曇り,14:00から曇り
51,9/20,秋,犯罪都市,clear;13=cloudy;14=clear,晴れ,晴れ,晴れ,晴れ,晴れ,晴れ,晴れ,13:00から曇り・14:00から晴れ
52,9/21,秋,犯罪都市,rain,雨,雨,雨,雨,雨,雨,雨,終日変化なし
53,9/22,秋,犯罪都市,clear,晴れ,晴れ,晴れ,晴れ,晴れ,晴れ,晴れ,終日変化なし
54,9/23,秋,犯罪都市,clear,晴れ,晴れ,晴れ,晴れ,晴れ,晴れ,晴れ,終日変化なし
55,9/24,秋,犯罪都市,cloudy,曇り,曇り,曇り,曇り,曇り,曇り,曇り,終日変化なし
56,9/25,秋,犯罪都市,cloudy,曇り,曇り,曇り,曇り,曇り,曇り,曇り,終日変化なし
57,9/26,秋,犯罪都市,cloudy;14=fog,曇り,曇り,曇り,曇り,霧,霧,霧,14:00から霧
58,9/27,秋,犯罪都市,cloudy;11=light_rain;15=cloudy,曇り,曇り,曇り,小雨,曇り,曇り,曇り,11:00から小雨・15:00から曇り
59,9/28,秋,犯罪都市,clear;14=cloudy,晴れ,晴れ,晴れ,晴れ,曇り,曇り,曇り,14:00から曇り
60,9/29,秋,犯罪都市,cloudy,曇り,曇り,曇り,曇り,曇り,曇り,曇り,終日変化なし
61,9/30,秋,犯罪都市,cloudy,曇り,曇り,曇り,曇り,曇り,曇り,曇り,終日変化なし
62,10/1,秋,犯罪都市,cloudy,曇り,曇り,曇り,曇り,曇り,曇り,曇り,終日変化なし
63,10/2,秋,犯罪都市,clear;11=cloudy,晴れ,晴れ,晴れ,曇り,曇り,曇り,曇り,11:00から曇り
64,10/3,秋,犯罪都市,clear;10=cloudy;17=clear,晴れ,晴れ,晴れ,曇り,曇り,晴れ,晴れ,10:00から曇り・17:00から晴れ
65,10/4,秋,犯罪都市,cloudy,曇り,曇り,曇り,曇り,曇り,曇り,曇り,終日変化なし
66,10/5,秋,犯罪都市,cloudy;10=light_rain;16=cloudy,曇り,曇り,曇り,小雨,小雨,曇り,曇り,10:00から小雨・16:00から曇り
67,10/6,秋,犯罪都市,light_rain;13=cloudy,小雨,小雨,小雨,小雨,曇り,曇り,曇り,13:00から曇り
68,10/7,秋,犯罪都市,cloudy;12=light_rain;13=cloudy,曇り,曇り,曇り,小雨,曇り,曇り,曇り,12:00から小雨・13:00から曇り
69,10/8,秋,犯罪都市,cloudy;11=light_rain;15=cloudy,曇り,曇り,曇り,小雨,曇り,曇り,曇り,11:00から小雨・15:00から曇り
70,10/9,秋,犯罪都市,cloudy,曇り,曇り,曇り,曇り,曇り,曇り,曇り,終日変化なし
71,10/10,晩秋,犯罪都市,cloudy,曇り,曇り,曇り,曇り,曇り,曇り,曇り,終日変化なし
72,10/11,晩秋,犯罪都市,cloudy;13=light_rain;16=cloudy,曇り,曇り,曇り,曇り,小雨,曇り,曇り,13:00から小雨・16:00から曇り
73,10/12,晩秋,犯罪都市,light_rain;13=cloudy,小雨,小雨,小雨,小雨,曇り,曇り,曇り,13:00から曇り
74,10/13,晩秋,犯罪都市,cloudy;12=light_rain;14=cloudy,曇り,曇り,曇り,小雨,曇り,曇り,曇り,12:00から小雨・14:00から曇り
75,10/14,晩秋,犯罪都市,clear,晴れ,晴れ,晴れ,晴れ,晴れ,晴れ,晴れ,終日変化なし
76,10/15,晩秋,犯罪都市,clear,晴れ,晴れ,晴れ,晴れ,晴れ,晴れ,晴れ,終日変化なし
77,10/16,晩秋,犯罪都市,cloudy;13=light_rain;14=cloudy,曇り,曇り,曇り,曇り,曇り,曇り,曇り,13:00から小雨・14:00から曇り
78,10/17,晩秋,犯罪都市,cloudy;14=rain;20=cloudy,曇り,曇り,曇り,曇り,雨,雨,曇り,14:00から雨・20:00から曇り
79,10/18,晩秋,犯罪都市,cloudy;11=light_rain;14=cloudy,曇り,曇り,曇り,小雨,曇り,曇り,曇り,11:00から小雨・14:00から曇り
80,10/19,晩秋,犯罪都市,cloudy,曇り,曇り,曇り,曇り,曇り,曇り,曇り,終日変化なし
81,10/20,晩秋,犯罪都市,cloudy,曇り,曇り,曇り,曇り,曇り,曇り,曇り,終日変化なし
82,10/21,晩秋,犯罪都市,rain,雨,雨,雨,雨,雨,雨,雨,終日変化なし
83,10/22,晩秋,犯罪都市,clear;10=cloudy,晴れ,晴れ,晴れ,曇り,曇り,曇り,曇り,10:00から曇り
84,10/23,晩秋,犯罪都市,light_rain;15=cloudy,小雨,小雨,小雨,小雨,曇り,曇り,曇り,15:00から曇り
85,10/24,晩秋,犯罪都市,clear,晴れ,晴れ,晴れ,晴れ,晴れ,晴れ,晴れ,終日変化なし
86,10/25,晩秋,犯罪都市,cloudy,曇り,曇り,曇り,曇り,曇り,曇り,曇り,終日変化なし
87,10/26,晩秋,犯罪都市,cloudy;10=light_rain;15=cloudy,曇り,曇り,曇り,小雨,曇り,曇り,曇り,10:00から小雨・15:00から曇り
88,10/27,晩秋,犯罪都市,cloudy,曇り,曇り,曇り,曇り,曇り,曇り,曇り,終日変化なし
89,10/28,晩秋,犯罪都市,rain,雨,雨,雨,雨,雨,雨,雨,終日変化なし
90,10/29,晩秋,犯罪都市,light_rain;12=cloudy,小雨,小雨,小雨,曇り,曇り,曇り,曇り,12:00から曇り
91,10/30,晩秋,犯罪都市,cloudy,曇り,曇り,曇り,曇り,曇り,曇り,曇り,終日変化なし
92,10/31,晩秋,犯罪都市,cloudy;10=rain;18=cloudy,曇り,曇り,曇り,雨,雨,曇り,曇り,10:00から雨・18:00から曇り
93,11/1,晩秋,犯罪都市,cloudy,曇り,曇り,曇り,曇り,曇り,曇り,曇り,終日変化なし
94,11/2,晩秋,犯罪都市,light_rain;13=cloudy,小雨,小雨,小雨,小雨,曇り,曇り,曇り,13:00から曇り
95,11/3,晩秋,犯罪都市,cloudy;10=light_rain;16=cloudy,曇り,曇り,曇り,小雨,小雨,曇り,曇り,10:00から小雨・16:00から曇り
96,11/4,晩秋,犯罪都市,cloudy,曇り,曇り,曇り,曇り,曇り,曇り,曇り,終日変化なし
97,11/5,晩秋,犯罪都市,cloudy,曇り,曇り,曇り,曇り,曇り,曇り,曇り,終日変化なし
98,11/6,晩秋,犯罪都市,cloudy;12=light_rain;15=cloudy,曇り,曇り,曇り,小雨,曇り,曇り,曇り,12:00から小雨・15:00から曇り
99,11/7,晩秋,犯罪都市,light_rain;11=cloudy,小雨,小雨,小雨,曇り,曇り,曇り,曇り,11:00から曇り
100,11/8,晩秋,犯罪都市,cloudy,曇り,曇り,曇り,曇り,曇り,曇り,曇り,終日変化なし
1,8/1,盛夏,ドワーフ洞窟,cloudy;11=clear,曇り,曇り,曇り,晴れ,晴れ,晴れ,晴れ,11:00から晴れ
2,8/2,盛夏,ドワーフ洞窟,fog;11=clear,霧,霧,霧,晴れ,晴れ,晴れ,晴れ,11:00から晴れ
3,8/3,盛夏,ドワーフ洞窟,clear,晴れ,晴れ,晴れ,晴れ,晴れ,晴れ,晴れ,終日変化なし
4,8/4,盛夏,ドワーフ洞窟,fog;12=cloudy,霧,霧,霧,曇り,曇り,曇り,曇り,12:00から曇り
5,8/5,盛夏,ドワーフ洞窟,fog;13=cloudy,霧,霧,霧,霧,曇り,曇り,曇り,13:00から曇り
6,8/6,盛夏,ドワーフ洞窟,cloudy,曇り,曇り,曇り,曇り,曇り,曇り,曇り,終日変化なし
7,8/7,盛夏,ドワーフ洞窟,cloudy,曇り,曇り,曇り,曇り,曇り,曇り,曇り,終日変化なし
8,8/8,盛夏,ドワーフ洞窟,cloudy;16=rain;23=cloudy,曇り,曇り,曇り,曇り,曇り,雨,雨,16:00から雨・23:00から曇り
9,8/9,盛夏,ドワーフ洞窟,cloudy;15=light_rain;21=cloudy,曇り,曇り,曇り,曇り,小雨,小雨,曇り,15:00から小雨・21:00から曇り
10,8/10,盛夏,ドワーフ洞窟,cloudy;15=rain;23=cloudy,曇り,曇り,曇り,曇り,雨,雨,雨,15:00から雨・23:00から曇り
11,8/11,盛夏,ドワーフ洞窟,cloudy;18=rain;23=cloudy,曇り,曇り,曇り,曇り,曇り,雨,雨,18:00から雨・23:00から曇り
12,8/12,盛夏,ドワーフ洞窟,fog;09=clear,霧,霧,晴れ,晴れ,晴れ,晴れ,晴れ,09:00から晴れ
13,8/13,盛夏,ドワーフ洞窟,fog;11=clear,霧,霧,霧,晴れ,晴れ,晴れ,晴れ,11:00から晴れ
14,8/14,盛夏,ドワーフ洞窟,cloudy,曇り,曇り,曇り,曇り,曇り,曇り,曇り,終日変化なし
15,8/15,盛夏,ドワーフ洞窟,cloudy;12=clear,曇り,曇り,曇り,晴れ,晴れ,晴れ,晴れ,12:00から晴れ
16,8/16,盛夏,ドワーフ洞窟,fog;10=cloudy,霧,霧,霧,曇り,曇り,曇り,曇り,10:00から曇り
17,8/17,盛夏,ドワーフ洞窟,cloudy;21=fog,曇り,曇り,曇り,曇り,曇り,曇り,霧,21:00から霧
18,8/18,盛夏,ドワーフ洞窟,fog;13=clear,霧,霧,霧,霧,晴れ,晴れ,晴れ,13:00から晴れ
19,8/19,盛夏,ドワーフ洞窟,cloudy,曇り,曇り,曇り,曇り,曇り,曇り,曇り,終日変化なし
20,8/20,盛夏,ドワーフ洞窟,fog;12=clear,霧,霧,霧,晴れ,晴れ,晴れ,晴れ,12:00から晴れ
21,8/21,盛夏,ドワーフ洞窟,rain,雨,雨,雨,雨,雨,雨,雨,終日変化なし
22,8/22,盛夏,ドワーフ洞窟,cloudy;15=light_rain;21=cloudy,曇り,曇り,曇り,曇り,小雨,小雨,曇り,15:00から小雨・21:00から曇り
23,8/23,晩夏,ドワーフ洞窟,cloudy,曇り,曇り,曇り,曇り,曇り,曇り,曇り,終日変化なし
24,8/24,晩夏,ドワーフ洞窟,fog;14=cloudy,霧,霧,霧,霧,曇り,曇り,曇り,14:00から曇り
25,8/25,晩夏,ドワーフ洞窟,fog;11=cloudy,霧,霧,霧,曇り,曇り,曇り,曇り,11:00から曇り
26,8/26,晩夏,ドワーフ洞窟,cloudy;18=rain;23=cloudy,曇り,曇り,曇り,曇り,曇り,雨,雨,18:00から雨・23:00から曇り
27,8/27,晩夏,ドワーフ洞窟,cloudy;16=rain;23=cloudy,曇り,曇り,曇り,曇り,曇り,雨,雨,16:00から雨・23:00から曇り
28,8/28,晩夏,ドワーフ洞窟,cloudy;19=fog,曇り,曇り,曇り,曇り,曇り,曇り,霧,19:00から霧
29,8/29,晩夏,ドワーフ洞窟,fog;13=clear,霧,霧,霧,霧,晴れ,晴れ,晴れ,13:00から晴れ
30,8/30,晩夏,ドワーフ洞窟,fog;10=clear,霧,霧,霧,晴れ,晴れ,晴れ,晴れ,10:00から晴れ
31,8/31,晩夏,ドワーフ洞窟,cloudy;12=clear,曇り,曇り,曇り,晴れ,晴れ,晴れ,晴れ,12:00から晴れ
32,9/1,晩夏,ドワーフ洞窟,cloudy;16=rain;23=cloudy,曇り,曇り,曇り,曇り,曇り,雨,雨,16:00から雨・23:00から曇り
33,9/2,晩夏,ドワーフ洞窟,cloudy,曇り,曇り,曇り,曇り,曇り,曇り,曇り,終日変化なし
34,9/3,晩夏,ドワーフ洞窟,cloudy;16=light_rain;18=cloudy,曇り,曇り,曇り,曇り,曇り,曇り,曇り,16:00から小雨・18:00から曇り
35,9/4,晩夏,ドワーフ洞窟,fog;12=clear,霧,霧,霧,晴れ,晴れ,晴れ,晴れ,12:00から晴れ
36,9/5,晩夏,ドワーフ洞窟,fog;10=cloudy,霧,霧,霧,曇り,曇り,曇り,曇り,10:00から曇り
37,9/6,晩夏,ドワーフ洞窟,cloudy;16=rain;23=cloudy,曇り,曇り,曇り,曇り,曇り,雨,雨,16:00から雨・23:00から曇り
38,9/7,晩夏,ドワーフ洞窟,cloudy;21=fog,曇り,曇り,曇り,曇り,曇り,曇り,霧,21:00から霧
39,9/8,晩夏,ドワーフ洞窟,rain,雨,雨,雨,雨,雨,雨,雨,終日変化なし
40,9/9,晩夏,ドワーフ洞窟,fog;14=cloudy,霧,霧,霧,霧,曇り,曇り,曇り,14:00から曇り
41,9/10,晩夏,ドワーフ洞窟,cloudy;21=fog,曇り,曇り,曇り,曇り,曇り,曇り,霧,21:00から霧
42,9/11,晩夏,ドワーフ洞窟,cloudy;15=rain;23=cloudy,曇り,曇り,曇り,曇り,雨,雨,雨,15:00から雨・23:00から曇り
43,9/12,晩夏,ドワーフ洞窟,fog;13=cloudy,霧,霧,霧,霧,曇り,曇り,曇り,13:00から曇り
44,9/13,晩夏,ドワーフ洞窟,fog;13=cloudy,霧,霧,霧,霧,曇り,曇り,曇り,13:00から曇り
45,9/14,晩夏,ドワーフ洞窟,fog;09=clear,霧,霧,晴れ,晴れ,晴れ,晴れ,晴れ,09:00から晴れ
46,9/15,秋,ドワーフ洞窟,cloudy;13=clear,曇り,曇り,曇り,曇り,晴れ,晴れ,晴れ,13:00から晴れ
47,9/16,秋,ドワーフ洞窟,cloudy;17=light_rain;18=cloudy,曇り,曇り,曇り,曇り,曇り,曇り,曇り,17:00から小雨・18:00から曇り
48,9/17,秋,ドワーフ洞窟,rain,雨,雨,雨,雨,雨,雨,雨,終日変化なし
49,9/18,秋,ドワーフ洞窟,cloudy;19=rain;23=cloudy,曇り,曇り,曇り,曇り,曇り,曇り,雨,19:00から雨・23:00から曇り
50,9/19,秋,ドワーフ洞窟,fog;14=cloudy,霧,霧,霧,霧,曇り,曇り,曇り,14:00から曇り
51,9/20,秋,ドワーフ洞窟,fog;12=clear,霧,霧,霧,晴れ,晴れ,晴れ,晴れ,12:00から晴れ
52,9/21,秋,ドワーフ洞窟,cloudy;17=rain;23=cloudy,曇り,曇り,曇り,曇り,曇り,雨,雨,17:00から雨・23:00から曇り
53,9/22,秋,ドワーフ洞窟,fog;10=cloudy,霧,霧,霧,曇り,曇り,曇り,曇り,10:00から曇り
54,9/23,秋,ドワーフ洞窟,fog;13=cloudy,霧,霧,霧,霧,曇り,曇り,曇り,13:00から曇り
55,9/24,秋,ドワーフ洞窟,fog;10=cloudy,霧,霧,霧,曇り,曇り,曇り,曇り,10:00から曇り
56,9/25,秋,ドワーフ洞窟,cloudy;12=clear,曇り,曇り,曇り,晴れ,晴れ,晴れ,晴れ,12:00から晴れ
57,9/26,秋,ドワーフ洞窟,cloudy;16=light_rain;22=cloudy,曇り,曇り,曇り,曇り,曇り,小雨,小雨,16:00から小雨・22:00から曇り
58,9/27,秋,ドワーフ洞窟,cloudy;15=rain;22=cloudy,曇り,曇り,曇り,曇り,雨,雨,雨,15:00から雨・22:00から曇り
59,9/28,秋,ドワーフ洞窟,cloudy;11=clear,曇り,曇り,曇り,晴れ,晴れ,晴れ,晴れ,11:00から晴れ
60,9/29,秋,ドワーフ洞窟,fog;10=cloudy,霧,霧,霧,曇り,曇り,曇り,曇り,10:00から曇り
61,9/30,秋,ドワーフ洞窟,cloudy;14=light_rain;18=cloudy,曇り,曇り,曇り,曇り,小雨,曇り,曇り,14:00から小雨・18:00から曇り
62,10/1,秋,ドワーフ洞窟,fog;13=cloudy,霧,霧,霧,霧,曇り,曇り,曇り,13:00から曇り
63,10/2,秋,ドワーフ洞窟,rain,雨,雨,雨,雨,雨,雨,雨,終日変化なし
64,10/3,秋,ドワーフ洞窟,cloudy,曇り,曇り,曇り,曇り,曇り,曇り,曇り,終日変化なし
65,10/4,秋,ドワーフ洞窟,fog;12=cloudy,霧,霧,霧,曇り,曇り,曇り,曇り,12:00から曇り
66,10/5,秋,ドワーフ洞窟,rain,雨,雨,雨,雨,雨,雨,雨,終日変化なし
67,10/6,秋,ドワーフ洞窟,rain,雨,雨,雨,雨,雨,雨,雨,終日変化なし
68,10/7,秋,ドワーフ洞窟,cloudy;11=clear,曇り,曇り,曇り,晴れ,晴れ,晴れ,晴れ,11:00から晴れ
69,10/8,秋,ドワーフ洞窟,fog;11=clear,霧,霧,霧,晴れ,晴れ,晴れ,晴れ,11:00から晴れ
70,10/9,秋,ドワーフ洞窟,cloudy;18=light_rain;21=cloudy,曇り,曇り,曇り,曇り,曇り,小雨,曇り,18:00から小雨・21:00から曇り
71,10/10,晩秋,ドワーフ洞窟,rain;17=snow,雨,雨,雨,雨,雨,雪,雪,17:00から雪
72,10/11,晩秋,ドワーフ洞窟,rain;16=snow,雨,雨,雨,雨,雨,雪,雪,16:00から雪
73,10/12,晩秋,ドワーフ洞窟,fog;14=cloudy,霧,霧,霧,霧,曇り,曇り,曇り,14:00から曇り
74,10/13,晩秋,ドワーフ洞窟,cloudy;18=light_rain;19=cloudy,曇り,曇り,曇り,曇り,曇り,小雨,曇り,18:00から小雨・19:00から曇り
75,10/14,晩秋,ドワーフ洞窟,cloudy;21=fog,曇り,曇り,曇り,曇り,曇り,曇り,霧,21:00から霧
76,10/15,晩秋,ドワーフ洞窟,cloudy,曇り,曇り,曇り,曇り,曇り,曇り,曇り,終日変化なし
77,10/16,晩秋,ドワーフ洞窟,rain,雨,雨,雨,雨,雨,雨,雨,終日変化なし
78,10/17,晩秋,ドワーフ洞窟,fog;13=cloudy,霧,霧,霧,霧,曇り,曇り,曇り,13:00から曇り
79,10/18,晩秋,ドワーフ洞窟,fog;11=cloudy,霧,霧,霧,曇り,曇り,曇り,曇り,11:00から曇り
80,10/19,晩秋,ドワーフ洞窟,fog;11=clear,霧,霧,霧,晴れ,晴れ,晴れ,晴れ,11:00から晴れ
81,10/20,晩秋,ドワーフ洞窟,fog;10=clear,霧,霧,霧,晴れ,晴れ,晴れ,晴れ,10:00から晴れ
82,10/21,晩秋,ドワーフ洞窟,rain;20=snow,雨,雨,雨,雨,雨,雨,雪,20:00から雪
83,10/22,晩秋,ドワーフ洞窟,fog;14=cloudy,霧,霧,霧,霧,曇り,曇り,曇り,14:00から曇り
84,10/23,晩秋,ドワーフ洞窟,cloudy,曇り,曇り,曇り,曇り,曇り,曇り,曇り,終日変化なし
85,10/24,晩秋,ドワーフ洞窟,cloudy,曇り,曇り,曇り,曇り,曇り,曇り,曇り,終日変化なし
86,10/25,晩秋,ドワーフ洞窟,fog;14=cloudy,霧,霧,霧,霧,曇り,曇り,曇り,14:00から曇り
87,10/26,晩秋,ドワーフ洞窟,cloudy;20=fog,曇り,曇り,曇り,曇り,曇り,曇り,霧,20:00から霧
88,10/27,晩秋,ドワーフ洞窟,fog;11=cloudy,霧,霧,霧,曇り,曇り,曇り,曇り,11:00から曇り
89,10/28,晩秋,ドワーフ洞窟,fog;12=cloudy;20=snow,霧,霧,霧,曇り,曇り,曇り,雪,12:00から曇り・20:00から雪
90,10/29,晩秋,ドワーフ洞窟,fog;12=cloudy;21=snow,霧,霧,霧,曇り,曇り,曇り,雪,12:00から曇り・21:00から雪
91,10/30,晩秋,ドワーフ洞窟,fog;14=cloudy;21=snow,霧,霧,霧,霧,曇り,曇り,雪,14:00から曇り・21:00から雪
92,10/31,晩秋,ドワーフ洞窟,rain,雨,雨,雨,雨,雨,雨,雨,終日変化なし
93,11/1,晩秋,ドワーフ洞窟,fog;14=cloudy;17=snow,霧,霧,霧,霧,曇り,雪,雪,14:00から曇り・17:00から雪
94,11/2,晩秋,ドワーフ洞窟,fog;09=clear,霧,霧,晴れ,晴れ,晴れ,晴れ,晴れ,09:00から晴れ
95,11/3,晩秋,ドワーフ洞窟,fog;10=cloudy,霧,霧,霧,曇り,曇り,曇り,曇り,10:00から曇り
96,11/4,晩秋,ドワーフ洞窟,fog;11=clear,霧,霧,霧,晴れ,晴れ,晴れ,晴れ,11:00から晴れ
97,11/5,晩秋,ドワーフ洞窟,cloudy,曇り,曇り,曇り,曇り,曇り,曇り,曇り,終日変化なし
98,11/6,晩秋,ドワーフ洞窟,rain,雨,雨,雨,雨,雨,雨,雨,終日変化なし
99,11/7,晩秋,ドワーフ洞窟,cloudy,曇り,曇り,曇り,曇り,曇り,曇り,曇り,終日変化なし
100,11/8,晩秋,ドワーフ洞窟,cloudy,曇り,曇り,曇り,曇り,曇り,曇り,曇り,終日変化なし
1,8/1,盛夏,北陵要塞,clear;16=cloudy;19=clear,晴れ,晴れ,晴れ,晴れ,晴れ,曇り,晴れ,16:00から曇り・19:00から晴れ
2,8/2,盛夏,北陵要塞,cloudy,曇り,曇り,曇り,曇り,曇り,曇り,曇り,終日変化なし
3,8/3,盛夏,北陵要塞,clear;16=cloudy;21=clear,晴れ,晴れ,晴れ,晴れ,晴れ,曇り,晴れ,16:00から曇り・21:00から晴れ
4,8/4,盛夏,北陵要塞,clear,晴れ,晴れ,晴れ,晴れ,晴れ,晴れ,晴れ,終日変化なし
5,8/5,盛夏,北陵要塞,clear;15=cloudy;20=clear,晴れ,晴れ,晴れ,晴れ,曇り,曇り,晴れ,15:00から曇り・20:00から晴れ
6,8/6,盛夏,北陵要塞,clear,晴れ,晴れ,晴れ,晴れ,晴れ,晴れ,晴れ,終日変化なし
7,8/7,盛夏,北陵要塞,cloudy;16=light_rain;19=cloudy,曇り,曇り,曇り,曇り,曇り,小雨,曇り,16:00から小雨・19:00から曇り
8,8/8,盛夏,北陵要塞,clear;18=cloudy;23=clear,晴れ,晴れ,晴れ,晴れ,晴れ,曇り,曇り,18:00から曇り・23:00から晴れ
9,8/9,盛夏,北陵要塞,cloudy;15=clear,曇り,曇り,曇り,曇り,晴れ,晴れ,晴れ,15:00から晴れ
10,8/10,盛夏,北陵要塞,cloudy;16=rain;23=cloudy,曇り,曇り,曇り,曇り,曇り,雨,雨,16:00から雨・23:00から曇り
11,8/11,盛夏,北陵要塞,cloudy,曇り,曇り,曇り,曇り,曇り,曇り,曇り,終日変化なし
12,8/12,盛夏,北陵要塞,cloudy,曇り,曇り,曇り,曇り,曇り,曇り,曇り,終日変化なし
13,8/13,盛夏,北陵要塞,clear,晴れ,晴れ,晴れ,晴れ,晴れ,晴れ,晴れ,終日変化なし
14,8/14,盛夏,北陵要塞,clear;19=cloudy;20=clear,晴れ,晴れ,晴れ,晴れ,晴れ,晴れ,晴れ,19:00から曇り・20:00から晴れ
15,8/15,盛夏,北陵要塞,cloudy,曇り,曇り,曇り,曇り,曇り,曇り,曇り,終日変化なし
16,8/16,盛夏,北陵要塞,clear;17=strong_wind;23=clear,晴れ,晴れ,晴れ,晴れ,晴れ,強風,強風,17:00から強風・23:00から晴れ
17,8/17,盛夏,北陵要塞,rain,雨,雨,雨,雨,雨,雨,雨,終日変化なし
18,8/18,盛夏,北陵要塞,cloudy,曇り,曇り,曇り,曇り,曇り,曇り,曇り,終日変化なし
19,8/19,盛夏,北陵要塞,cloudy;13=clear,曇り,曇り,曇り,曇り,晴れ,晴れ,晴れ,13:00から晴れ
20,8/20,盛夏,北陵要塞,cloudy,曇り,曇り,曇り,曇り,曇り,曇り,曇り,終日変化なし
21,8/21,盛夏,北陵要塞,clear;15=strong_wind;23=clear,晴れ,晴れ,晴れ,晴れ,強風,強風,強風,15:00から強風・23:00から晴れ
22,8/22,盛夏,北陵要塞,cloudy;12=clear,曇り,曇り,曇り,晴れ,晴れ,晴れ,晴れ,12:00から晴れ
23,8/23,晩夏,北陵要塞,cloudy;14=clear,曇り,曇り,曇り,曇り,晴れ,晴れ,晴れ,14:00から晴れ
24,8/24,晩夏,北陵要塞,clear;15=cloudy;20=clear,晴れ,晴れ,晴れ,晴れ,曇り,曇り,晴れ,15:00から曇り・20:00から晴れ
25,8/25,晩夏,北陵要塞,rain,雨,雨,雨,雨,雨,雨,雨,終日変化なし
26,8/26,晩夏,北陵要塞,rain,雨,雨,雨,雨,雨,雨,雨,終日変化なし
27,8/27,晩夏,北陵要塞,cloudy;19=light_rain;23=cloudy,曇り,曇り,曇り,曇り,曇り,曇り,小雨,19:00から小雨・23:00から曇り
28,8/28,晩夏,北陵要塞,rain,雨,雨,雨,雨,雨,雨,雨,終日変化なし
29,8/29,晩夏,北陵要塞,clear;13=strong_wind;22=clear,晴れ,晴れ,晴れ,晴れ,強風,強風,強風,13:00から強風・22:00から晴れ
30,8/30,晩夏,北陵要塞,cloudy;19=rain;23=cloudy,曇り,曇り,曇り,曇り,曇り,曇り,雨,19:00から雨・23:00から曇り
31,8/31,晩夏,北陵要塞,cloudy;16=clear,曇り,曇り,曇り,曇り,曇り,晴れ,晴れ,16:00から晴れ
32,9/1,晩夏,北陵要塞,cloudy,曇り,曇り,曇り,曇り,曇り,曇り,曇り,終日変化なし
33,9/2,晩夏,北陵要塞,cloudy;17=light_rain;22=cloudy,曇り,曇り,曇り,曇り,曇り,小雨,小雨,17:00から小雨・22:00から曇り
34,9/3,晩夏,北陵要塞,rain,雨,雨,雨,雨,雨,雨,雨,終日変化なし
35,9/4,晩夏,北陵要塞,cloudy,曇り,曇り,曇り,曇り,曇り,曇り,曇り,終日変化なし
36,9/5,晩夏,北陵要塞,cloudy;19=light_rain;20=cloudy,曇り,曇り,曇り,曇り,曇り,曇り,曇り,19:00から小雨・20:00から曇り
37,9/6,晩夏,北陵要塞,cloudy,曇り,曇り,曇り,曇り,曇り,曇り,曇り,終日変化なし
38,9/7,晩夏,北陵要塞,cloudy,曇り,曇り,曇り,曇り,曇り,曇り,曇り,終日変化なし
39,9/8,晩夏,北陵要塞,rain,雨,雨,雨,雨,雨,雨,雨,終日変化なし
40,9/9,晩夏,北陵要塞,clear;13=strong_wind;21=clear,晴れ,晴れ,晴れ,晴れ,強風,強風,晴れ,13:00から強風・21:00から晴れ
41,9/10,晩夏,北陵要塞,clear;17=strong_wind;23=clear,晴れ,晴れ,晴れ,晴れ,晴れ,強風,強風,17:00から強風・23:00から晴れ
42,9/11,晩夏,北陵要塞,clear;13=strong_wind;23=clear,晴れ,晴れ,晴れ,晴れ,強風,強風,強風,13:00から強風・23:00から晴れ
43,9/12,晩夏,北陵要塞,cloudy,曇り,曇り,曇り,曇り,曇り,曇り,曇り,終日変化なし
44,9/13,晩夏,北陵要塞,clear;15=cloudy;22=clear,晴れ,晴れ,晴れ,晴れ,曇り,曇り,曇り,15:00から曇り・22:00から晴れ
45,9/14,晩夏,北陵要塞,clear;16=strong_wind;23=clear,晴れ,晴れ,晴れ,晴れ,晴れ,強風,強風,16:00から強風・23:00から晴れ
46,9/15,秋,北陵要塞,clear;15=strong_wind;21=clear,晴れ,晴れ,晴れ,晴れ,強風,強風,晴れ,15:00から強風・21:00から晴れ
47,9/16,秋,北陵要塞,cloudy;19=snow,曇り,曇り,曇り,曇り,曇り,曇り,雪,19:00から雪
48,9/17,秋,北陵要塞,rain;21=snow,雨,雨,雨,雨,雨,雨,雪,21:00から雪
49,9/18,秋,北陵要塞,cloudy;18=light_rain;19=cloudy,曇り,曇り,曇り,曇り,曇り,小雨,曇り,18:00から小雨・19:00から曇り
50,9/19,秋,北陵要塞,cloudy,曇り,曇り,曇り,曇り,曇り,曇り,曇り,終日変化なし
51,9/20,秋,北陵要塞,cloudy;16=snow,曇り,曇り,曇り,曇り,曇り,雪,雪,16:00から雪
52,9/21,秋,北陵要塞,cloudy;19=rain;23=cloudy,曇り,曇り,曇り,曇り,曇り,曇り,雨,19:00から雨・23:00から曇り
53,9/22,秋,北陵要塞,cloudy;17=light_rain;22=cloudy,曇り,曇り,曇り,曇り,曇り,小雨,小雨,17:00から小雨・22:00から曇り
54,9/23,秋,北陵要塞,clear;14=strong_wind;23=clear,晴れ,晴れ,晴れ,晴れ,強風,強風,強風,14:00から強風・23:00から晴れ
55,9/24,秋,北陵要塞,cloudy,曇り,曇り,曇り,曇り,曇り,曇り,曇り,終日変化なし
56,9/25,秋,北陵要塞,cloudy;16=snow,曇り,曇り,曇り,曇り,曇り,雪,雪,16:00から雪
57,9/26,秋,北陵要塞,cloudy;16=snow,曇り,曇り,曇り,曇り,曇り,雪,雪,16:00から雪
58,9/27,秋,北陵要塞,cloudy,曇り,曇り,曇り,曇り,曇り,曇り,曇り,終日変化なし
59,9/28,秋,北陵要塞,cloudy;19=snow,曇り,曇り,曇り,曇り,曇り,曇り,雪,19:00から雪
60,9/29,秋,北陵要塞,clear;15=strong_wind;22=clear,晴れ,晴れ,晴れ,晴れ,強風,強風,強風,15:00から強風・22:00から晴れ
61,9/30,秋,北陵要塞,cloudy;19=light_rain;20=cloudy,曇り,曇り,曇り,曇り,曇り,曇り,曇り,19:00から小雨・20:00から曇り
62,10/1,秋,北陵要塞,cloudy,曇り,曇り,曇り,曇り,曇り,曇り,曇り,終日変化なし
63,10/2,秋,北陵要塞,cloudy;17=light_rain;23=cloudy,曇り,曇り,曇り,曇り,曇り,小雨,小雨,17:00から小雨・23:00から曇り
64,10/3,秋,北陵要塞,clear,晴れ,晴れ,晴れ,晴れ,晴れ,晴れ,晴れ,終日変化なし
65,10/4,秋,北陵要塞,cloudy,曇り,曇り,曇り,曇り,曇り,曇り,曇り,終日変化なし
66,10/5,秋,北陵要塞,clear;15=strong_wind;22=clear,晴れ,晴れ,晴れ,晴れ,強風,強風,強風,15:00から強風・22:00から晴れ
67,10/6,秋,北陵要塞,cloudy,曇り,曇り,曇り,曇り,曇り,曇り,曇り,終日変化なし
68,10/7,秋,北陵要塞,clear;16=strong_wind;23=clear,晴れ,晴れ,晴れ,晴れ,晴れ,強風,強風,16:00から強風・23:00から晴れ
69,10/8,秋,北陵要塞,clear;14=strong_wind;23=clear,晴れ,晴れ,晴れ,晴れ,強風,強風,強風,14:00から強風・23:00から晴れ
70,10/9,秋,北陵要塞,cloudy,曇り,曇り,曇り,曇り,曇り,曇り,曇り,終日変化なし
71,10/10,晩秋,北陵要塞,clear;16=strong_wind;23=clear,晴れ,晴れ,晴れ,晴れ,晴れ,強風,強風,16:00から強風・23:00から晴れ
72,10/11,晩秋,北陵要塞,snow,雪,雪,雪,雪,雪,雪,雪,終日変化なし
73,10/12,晩秋,北陵要塞,cloudy;16=snow,曇り,曇り,曇り,曇り,曇り,雪,雪,16:00から雪
74,10/13,晩秋,北陵要塞,cloudy;16=snow,曇り,曇り,曇り,曇り,曇り,雪,雪,16:00から雪
75,10/14,晩秋,北陵要塞,cloudy,曇り,曇り,曇り,曇り,曇り,曇り,曇り,終日変化なし
76,10/15,晩秋,北陵要塞,cloudy;19=snow,曇り,曇り,曇り,曇り,曇り,曇り,雪,19:00から雪
77,10/16,晩秋,北陵要塞,cloudy;18=snow,曇り,曇り,曇り,曇り,曇り,雪,雪,18:00から雪
78,10/17,晩秋,北陵要塞,rain;20=snow,雨,雨,雨,雨,雨,雨,雪,20:00から雪
79,10/18,晩秋,北陵要塞,clear;15=strong_wind;23=clear,晴れ,晴れ,晴れ,晴れ,強風,強風,強風,15:00から強風・23:00から晴れ
80,10/19,晩秋,北陵要塞,clear;13=strong_wind;22=clear,晴れ,晴れ,晴れ,晴れ,強風,強風,強風,13:00から強風・22:00から晴れ
81,10/20,晩秋,北陵要塞,snow;15=cloudy,雪,雪,雪,雪,曇り,曇り,曇り,15:00から曇り
82,10/21,晩秋,北陵要塞,rain;19=snow,雨,雨,雨,雨,雨,雨,雪,19:00から雪
83,10/22,晩秋,北陵要塞,rain;20=snow,雨,雨,雨,雨,雨,雨,雪,20:00から雪
84,10/23,晩秋,北陵要塞,snow,雪,雪,雪,雪,雪,雪,雪,終日変化なし
85,10/24,晩秋,北陵要塞,snow;18=cloudy,雪,雪,雪,雪,雪,曇り,曇り,18:00から曇り
86,10/25,晩秋,北陵要塞,clear;16=strong_wind;23=clear,晴れ,晴れ,晴れ,晴れ,晴れ,強風,強風,16:00から強風・23:00から晴れ
87,10/26,晩秋,北陵要塞,snow,雪,雪,雪,雪,雪,雪,雪,終日変化なし
88,10/27,晩秋,北陵要塞,fog;15=cloudy;18=snow,霧,霧,霧,霧,曇り,雪,雪,15:00から曇り・18:00から雪
89,10/28,晩秋,北陵要塞,clear;13=strong_wind;23=clear,晴れ,晴れ,晴れ,晴れ,強風,強風,強風,13:00から強風・23:00から晴れ
90,10/29,晩秋,北陵要塞,cloudy;19=snow,曇り,曇り,曇り,曇り,曇り,曇り,雪,19:00から雪
91,10/30,晩秋,北陵要塞,cloudy,曇り,曇り,曇り,曇り,曇り,曇り,曇り,終日変化なし
92,10/31,晩秋,北陵要塞,snow,雪,雪,雪,雪,雪,雪,雪,終日変化なし
93,11/1,晩秋,北陵要塞,snow;18=cloudy,雪,雪,雪,雪,雪,曇り,曇り,18:00から曇り
94,11/2,晩秋,北陵要塞,snow,雪,雪,雪,雪,雪,雪,雪,終日変化なし
95,11/3,晩秋,北陵要塞,cloudy;18=snow,曇り,曇り,曇り,曇り,曇り,雪,雪,18:00から雪
96,11/4,晩秋,北陵要塞,clear,晴れ,晴れ,晴れ,晴れ,晴れ,晴れ,晴れ,終日変化なし
97,11/5,晩秋,北陵要塞,snow;18=cloudy,雪,雪,雪,雪,雪,曇り,曇り,18:00から曇り
98,11/6,晩秋,北陵要塞,snow,雪,雪,雪,雪,雪,雪,雪,終日変化なし
99,11/7,晩秋,北陵要塞,clear,晴れ,晴れ,晴れ,晴れ,晴れ,晴れ,晴れ,終日変化なし
100,11/8,晩秋,北陵要塞,fog;13=cloudy;21=snow,霧,霧,霧,霧,曇り,曇り,雪,13:00から曇り・21:00から雪
1,8/1,盛夏,辺境の村,clear;06=dry_wind;18=clear,晴れ,乾いた風,乾いた風,乾いた風,乾いた風,晴れ,晴れ,06:00から乾いた風・18:00から晴れ
2,8/2,盛夏,辺境の村,cloudy,曇り,曇り,曇り,曇り,曇り,曇り,曇り,終日変化なし
3,8/3,盛夏,辺境の村,clear;09=cloudy;15=clear,晴れ,晴れ,曇り,曇り,晴れ,晴れ,晴れ,09:00から曇り・15:00から晴れ
4,8/4,盛夏,辺境の村,clear;08=dry_wind;18=clear,晴れ,晴れ,乾いた風,乾いた風,乾いた風,晴れ,晴れ,08:00から乾いた風・18:00から晴れ
5,8/5,盛夏,辺境の村,clear;06=dry_wind;17=clear,晴れ,乾いた風,乾いた風,乾いた風,乾いた風,晴れ,晴れ,06:00から乾いた風・17:00から晴れ
6,8/6,盛夏,辺境の村,clear;09=dry_wind;16=clear,晴れ,晴れ,乾いた風,乾いた風,乾いた風,晴れ,晴れ,09:00から乾いた風・16:00から晴れ
7,8/7,盛夏,辺境の村,clear;06=dry_wind;17=clear,晴れ,乾いた風,乾いた風,乾いた風,乾いた風,晴れ,晴れ,06:00から乾いた風・17:00から晴れ
8,8/8,盛夏,辺境の村,clear,晴れ,晴れ,晴れ,晴れ,晴れ,晴れ,晴れ,終日変化なし
9,8/9,盛夏,辺境の村,clear;09=cloudy;15=clear,晴れ,晴れ,曇り,曇り,晴れ,晴れ,晴れ,09:00から曇り・15:00から晴れ
10,8/10,盛夏,辺境の村,cloudy;12=light_rain;14=cloudy,曇り,曇り,曇り,小雨,曇り,曇り,曇り,12:00から小雨・14:00から曇り
11,8/11,盛夏,辺境の村,cloudy;11=light_rain;14=cloudy,曇り,曇り,曇り,小雨,曇り,曇り,曇り,11:00から小雨・14:00から曇り
12,8/12,盛夏,辺境の村,clear;08=dry_wind;15=clear,晴れ,晴れ,乾いた風,乾いた風,晴れ,晴れ,晴れ,08:00から乾いた風・15:00から晴れ
13,8/13,盛夏,辺境の村,cloudy,曇り,曇り,曇り,曇り,曇り,曇り,曇り,終日変化なし
14,8/14,盛夏,辺境の村,dry_wind;13=cloudy,乾いた風,乾いた風,乾いた風,乾いた風,曇り,曇り,曇り,13:00から曇り
15,8/15,盛夏,辺境の村,cloudy;11=light_rain;13=cloudy,曇り,曇り,曇り,小雨,曇り,曇り,曇り,11:00から小雨・13:00から曇り
16,8/16,盛夏,辺境の村,clear;08=dry_wind;18=clear,晴れ,晴れ,乾いた風,乾いた風,乾いた風,晴れ,晴れ,08:00から乾いた風・18:00から晴れ
17,8/17,盛夏,辺境の村,cloudy,曇り,曇り,曇り,曇り,曇り,曇り,曇り,終日変化なし
18,8/18,盛夏,辺境の村,cloudy;13=light_rain;14=cloudy,曇り,曇り,曇り,曇り,曇り,曇り,曇り,13:00から小雨・14:00から曇り
19,8/19,盛夏,辺境の村,clear,晴れ,晴れ,晴れ,晴れ,晴れ,晴れ,晴れ,終日変化なし
20,8/20,盛夏,辺境の村,clear;09=dry_wind;14=clear,晴れ,晴れ,乾いた風,乾いた風,晴れ,晴れ,晴れ,09:00から乾いた風・14:00から晴れ
21,8/21,盛夏,辺境の村,clear;08=dry_wind;16=clear,晴れ,晴れ,乾いた風,乾いた風,乾いた風,晴れ,晴れ,08:00から乾いた風・16:00から晴れ
22,8/22,盛夏,辺境の村,clear,晴れ,晴れ,晴れ,晴れ,晴れ,晴れ,晴れ,終日変化なし
23,8/23,晩夏,辺境の村,clear;10=dry_wind;16=clear,晴れ,晴れ,晴れ,乾いた風,乾いた風,晴れ,晴れ,10:00から乾いた風・16:00から晴れ
24,8/24,晩夏,辺境の村,cloudy;08=clear,曇り,曇り,晴れ,晴れ,晴れ,晴れ,晴れ,08:00から晴れ
25,8/25,晩夏,辺境の村,clear;13=cloudy;15=clear,晴れ,晴れ,晴れ,晴れ,晴れ,晴れ,晴れ,13:00から曇り・15:00から晴れ
26,8/26,晩夏,辺境の村,cloudy;13=rain;20=cloudy,曇り,曇り,曇り,曇り,雨,雨,曇り,13:00から雨・20:00から曇り
27,8/27,晩夏,辺境の村,clear,晴れ,晴れ,晴れ,晴れ,晴れ,晴れ,晴れ,終日変化なし
28,8/28,晩夏,辺境の村,clear;09=cloudy;15=clear,晴れ,晴れ,曇り,曇り,晴れ,晴れ,晴れ,09:00から曇り・15:00から晴れ
29,8/29,晩夏,辺境の村,cloudy;13=rain;19=cloudy,曇り,曇り,曇り,曇り,雨,雨,曇り,13:00から雨・19:00から曇り
30,8/30,晩夏,辺境の村,clear,晴れ,晴れ,晴れ,晴れ,晴れ,晴れ,晴れ,終日変化なし
31,8/31,晩夏,辺境の村,dry_wind;16=cloudy,乾いた風,乾いた風,乾いた風,乾いた風,乾いた風,曇り,曇り,16:00から曇り
32,9/1,晩夏,辺境の村,clear,晴れ,晴れ,晴れ,晴れ,晴れ,晴れ,晴れ,終日変化なし
33,9/2,晩夏,辺境の村,cloudy,曇り,曇り,曇り,曇り,曇り,曇り,曇り,終日変化なし
34,9/3,晩夏,辺境の村,clear;11=cloudy;13=clear,晴れ,晴れ,晴れ,曇り,晴れ,晴れ,晴れ,11:00から曇り・13:00から晴れ
35,9/4,晩夏,辺境の村,cloudy,曇り,曇り,曇り,曇り,曇り,曇り,曇り,終日変化なし
36,9/5,晩夏,辺境の村,clear;08=dry_wind;14=clear,晴れ,晴れ,乾いた風,乾いた風,晴れ,晴れ,晴れ,08:00から乾いた風・14:00から晴れ
37,9/6,晩夏,辺境の村,clear,晴れ,晴れ,晴れ,晴れ,晴れ,晴れ,晴れ,終日変化なし
38,9/7,晩夏,辺境の村,cloudy;12=light_rain;14=cloudy,曇り,曇り,曇り,小雨,曇り,曇り,曇り,12:00から小雨・14:00から曇り
39,9/8,晩夏,辺境の村,cloudy;12=light_rain;14=cloudy,曇り,曇り,曇り,小雨,曇り,曇り,曇り,12:00から小雨・14:00から曇り
40,9/9,晩夏,辺境の村,cloudy,曇り,曇り,曇り,曇り,曇り,曇り,曇り,終日変化なし
41,9/10,晩夏,辺境の村,cloudy;08=clear,曇り,曇り,晴れ,晴れ,晴れ,晴れ,晴れ,08:00から晴れ
42,9/11,晩夏,辺境の村,clear,晴れ,晴れ,晴れ,晴れ,晴れ,晴れ,晴れ,終日変化なし
43,9/12,晩夏,辺境の村,cloudy,曇り,曇り,曇り,曇り,曇り,曇り,曇り,終日変化なし
44,9/13,晩夏,辺境の村,clear,晴れ,晴れ,晴れ,晴れ,晴れ,晴れ,晴れ,終日変化なし
45,9/14,晩夏,辺境の村,clear;10=dry_wind;14=clear,晴れ,晴れ,晴れ,乾いた風,晴れ,晴れ,晴れ,10:00から乾いた風・14:00から晴れ
46,9/15,秋,辺境の村,cloudy;13=rain;19=cloudy,曇り,曇り,曇り,曇り,雨,雨,曇り,13:00から雨・19:00から曇り
47,9/16,秋,辺境の村,dry_wind;15=cloudy,乾いた風,乾いた風,乾いた風,乾いた風,曇り,曇り,曇り,15:00から曇り
48,9/17,秋,辺境の村,dry_wind;16=cloudy,乾いた風,乾いた風,乾いた風,乾いた風,乾いた風,曇り,曇り,16:00から曇り
49,9/18,秋,辺境の村,rain,雨,雨,雨,雨,雨,雨,雨,終日変化なし
50,9/19,秋,辺境の村,dry_wind;13=cloudy,乾いた風,乾いた風,乾いた風,乾いた風,曇り,曇り,曇り,13:00から曇り
51,9/20,秋,辺境の村,clear;07=dry_wind;16=clear,晴れ,晴れ,乾いた風,乾いた風,乾いた風,晴れ,晴れ,07:00から乾いた風・16:00から晴れ
52,9/21,秋,辺境の村,cloudy,曇り,曇り,曇り,曇り,曇り,曇り,曇り,終日変化なし
53,9/22,秋,辺境の村,clear;08=dry_wind;16=clear,晴れ,晴れ,乾いた風,乾いた風,乾いた風,晴れ,晴れ,08:00から乾いた風・16:00から晴れ
54,9/23,秋,辺境の村,clear;12=cloudy;14=clear,晴れ,晴れ,晴れ,曇り,晴れ,晴れ,晴れ,12:00から曇り・14:00から晴れ
55,9/24,秋,辺境の村,dry_wind;14=cloudy,乾いた風,乾いた風,乾いた風,乾いた風,曇り,曇り,曇り,14:00から曇り
56,9/25,秋,辺境の村,dry_wind;13=cloudy,乾いた風,乾いた風,乾いた風,乾いた風,曇り,曇り,曇り,13:00から曇り
57,9/26,秋,辺境の村,cloudy;11=light_rain;15=cloudy,曇り,曇り,曇り,小雨,曇り,曇り,曇り,11:00から小雨・15:00から曇り
58,9/27,秋,辺境の村,clear,晴れ,晴れ,晴れ,晴れ,晴れ,晴れ,晴れ,終日変化なし
59,9/28,秋,辺境の村,dry_wind;17=cloudy,乾いた風,乾いた風,乾いた風,乾いた風,乾いた風,曇り,曇り,17:00から曇り
60,9/29,秋,辺境の村,dry_wind;16=cloudy,乾いた風,乾いた風,乾いた風,乾いた風,乾いた風,曇り,曇り,16:00から曇り
61,9/30,秋,辺境の村,cloudy;10=rain;20=cloudy,曇り,曇り,曇り,雨,雨,雨,曇り,10:00から雨・20:00から曇り
62,10/1,秋,辺境の村,clear;11=cloudy;14=clear,晴れ,晴れ,晴れ,曇り,晴れ,晴れ,晴れ,11:00から曇り・14:00から晴れ
63,10/2,秋,辺境の村,cloudy;11=rain;19=cloudy,曇り,曇り,曇り,雨,雨,雨,曇り,11:00から雨・19:00から曇り
64,10/3,秋,辺境の村,clear;06=dry_wind;17=clear,晴れ,乾いた風,乾いた風,乾いた風,乾いた風,晴れ,晴れ,06:00から乾いた風・17:00から晴れ
65,10/4,秋,辺境の村,clear,晴れ,晴れ,晴れ,晴れ,晴れ,晴れ,晴れ,終日変化なし
66,10/5,秋,辺境の村,cloudy;12=light_rain;15=cloudy,曇り,曇り,曇り,小雨,曇り,曇り,曇り,12:00から小雨・15:00から曇り
67,10/6,秋,辺境の村,cloudy,曇り,曇り,曇り,曇り,曇り,曇り,曇り,終日変化なし
68,10/7,秋,辺境の村,clear;07=dry_wind;14=clear,晴れ,晴れ,乾いた風,乾いた風,晴れ,晴れ,晴れ,07:00から乾いた風・14:00から晴れ
69,10/8,秋,辺境の村,clear,晴れ,晴れ,晴れ,晴れ,晴れ,晴れ,晴れ,終日変化なし
70,10/9,秋,辺境の村,clear,晴れ,晴れ,晴れ,晴れ,晴れ,晴れ,晴れ,終日変化なし
71,10/10,晩秋,辺境の村,clear,晴れ,晴れ,晴れ,晴れ,晴れ,晴れ,晴れ,終日変化なし
72,10/11,晩秋,辺境の村,cloudy;12=light_rain;16=cloudy,曇り,曇り,曇り,小雨,小雨,曇り,曇り,12:00から小雨・16:00から曇り
73,10/12,晩秋,辺境の村,rain,雨,雨,雨,雨,雨,雨,雨,終日変化なし
74,10/13,晩秋,辺境の村,cloudy;12=rain;18=cloudy,曇り,曇り,曇り,雨,雨,曇り,曇り,12:00から雨・18:00から曇り
75,10/14,晩秋,辺境の村,cloudy,曇り,曇り,曇り,曇り,曇り,曇り,曇り,終日変化なし
76,10/15,晩秋,辺境の村,clear;12=cloudy;15=clear,晴れ,晴れ,晴れ,曇り,晴れ,晴れ,晴れ,12:00から曇り・15:00から晴れ
77,10/16,晩秋,辺境の村,cloudy;11=rain;21=cloudy,曇り,曇り,曇り,雨,雨,雨,曇り,11:00から雨・21:00から曇り
78,10/17,晩秋,辺境の村,cloudy;11=rain;19=cloudy,曇り,曇り,曇り,雨,雨,雨,曇り,11:00から雨・19:00から曇り
79,10/18,晩秋,辺境の村,dry_wind;15=cloudy,乾いた風,乾いた風,乾いた風,乾いた風,曇り,曇り,曇り,15:00から曇り
80,10/19,晩秋,辺境の村,dry_wind;17=cloudy,乾いた風,乾いた風,乾いた風,乾いた風,乾いた風,曇り,曇り,17:00から曇り
81,10/20,晩秋,辺境の村,clear;08=dry_wind;18=clear,晴れ,晴れ,乾いた風,乾いた風,乾いた風,晴れ,晴れ,08:00から乾いた風・18:00から晴れ
82,10/21,晩秋,辺境の村,rain,雨,雨,雨,雨,雨,雨,雨,終日変化なし
83,10/22,晩秋,辺境の村,dry_wind;15=cloudy,乾いた風,乾いた風,乾いた風,乾いた風,曇り,曇り,曇り,15:00から曇り
84,10/23,晩秋,辺境の村,cloudy;11=light_rain;16=cloudy,曇り,曇り,曇り,小雨,小雨,曇り,曇り,11:00から小雨・16:00から曇り
85,10/24,晩秋,辺境の村,cloudy;12=light_rain;17=cloudy,曇り,曇り,曇り,小雨,小雨,曇り,曇り,12:00から小雨・17:00から曇り
86,10/25,晩秋,辺境の村,clear,晴れ,晴れ,晴れ,晴れ,晴れ,晴れ,晴れ,終日変化なし
87,10/26,晩秋,辺境の村,clear;12=cloudy;14=clear,晴れ,晴れ,晴れ,曇り,晴れ,晴れ,晴れ,12:00から曇り・14:00から晴れ
88,10/27,晩秋,辺境の村,dry_wind;16=cloudy,乾いた風,乾いた風,乾いた風,乾いた風,乾いた風,曇り,曇り,16:00から曇り
89,10/28,晩秋,辺境の村,clear,晴れ,晴れ,晴れ,晴れ,晴れ,晴れ,晴れ,終日変化なし
90,10/29,晩秋,辺境の村,clear;12=cloudy;17=clear,晴れ,晴れ,晴れ,曇り,曇り,晴れ,晴れ,12:00から曇り・17:00から晴れ
91,10/30,晩秋,辺境の村,clear;08=dry_wind;18=clear,晴れ,晴れ,乾いた風,乾いた風,乾いた風,晴れ,晴れ,08:00から乾いた風・18:00から晴れ
92,10/31,晩秋,辺境の村,cloudy;11=light_rain;14=cloudy,曇り,曇り,曇り,小雨,曇り,曇り,曇り,11:00から小雨・14:00から曇り
93,11/1,晩秋,辺境の村,cloudy;10=light_rain;15=cloudy,曇り,曇り,曇り,小雨,曇り,曇り,曇り,10:00から小雨・15:00から曇り
94,11/2,晩秋,辺境の村,clear;08=dry_wind;14=clear,晴れ,晴れ,乾いた風,乾いた風,晴れ,晴れ,晴れ,08:00から乾いた風・14:00から晴れ
95,11/3,晩秋,辺境の村,cloudy;10=light_rain;13=cloudy,曇り,曇り,曇り,小雨,曇り,曇り,曇り,10:00から小雨・13:00から曇り
96,11/4,晩秋,辺境の村,clear,晴れ,晴れ,晴れ,晴れ,晴れ,晴れ,晴れ,終日変化なし
97,11/5,晩秋,辺境の村,cloudy;12=light_rain;13=cloudy,曇り,曇り,曇り,小雨,曇り,曇り,曇り,12:00から小雨・13:00から曇り
98,11/6,晩秋,辺境の村,cloudy;10=light_rain;17=cloudy,曇り,曇り,曇り,小雨,小雨,曇り,曇り,10:00から小雨・17:00から曇り
99,11/7,晩秋,辺境の村,cloudy;11=rain;17=cloudy,曇り,曇り,曇り,雨,雨,曇り,曇り,11:00から雨・17:00から曇り
100,11/8,晩秋,辺境の村,clear,晴れ,晴れ,晴れ,晴れ,晴れ,晴れ,晴れ,終日変化なし
1,8/1,盛夏,古代神殿,clear;15=cloudy;18=clear,晴れ,晴れ,晴れ,晴れ,曇り,晴れ,晴れ,15:00から曇り・18:00から晴れ
2,8/2,盛夏,古代神殿,clear,晴れ,晴れ,晴れ,晴れ,晴れ,晴れ,晴れ,終日変化なし
3,8/3,盛夏,古代神殿,fog;09=cloudy,霧,霧,曇り,曇り,曇り,曇り,曇り,09:00から曇り
4,8/4,盛夏,古代神殿,cloudy;20=fog,曇り,曇り,曇り,曇り,曇り,曇り,霧,20:00から霧
5,8/5,盛夏,古代神殿,fog;10=cloudy,霧,霧,霧,曇り,曇り,曇り,曇り,10:00から曇り
6,8/6,盛夏,古代神殿,fog;10=clear,霧,霧,霧,晴れ,晴れ,晴れ,晴れ,10:00から晴れ
7,8/7,盛夏,古代神殿,clear,晴れ,晴れ,晴れ,晴れ,晴れ,晴れ,晴れ,終日変化なし
8,8/8,盛夏,古代神殿,cloudy,曇り,曇り,曇り,曇り,曇り,曇り,曇り,終日変化なし
9,8/9,盛夏,古代神殿,cloudy,曇り,曇り,曇り,曇り,曇り,曇り,曇り,終日変化なし
10,8/10,盛夏,古代神殿,cloudy,曇り,曇り,曇り,曇り,曇り,曇り,曇り,終日変化なし
11,8/11,盛夏,古代神殿,cloudy;12=rain;21=cloudy,曇り,曇り,曇り,雨,雨,雨,曇り,12:00から雨・21:00から曇り
12,8/12,盛夏,古代神殿,fog;08=cloudy,霧,霧,曇り,曇り,曇り,曇り,曇り,08:00から曇り
13,8/13,盛夏,古代神殿,fog;07=cloudy,霧,霧,曇り,曇り,曇り,曇り,曇り,07:00から曇り
14,8/14,盛夏,古代神殿,fog;08=cloudy,霧,霧,曇り,曇り,曇り,曇り,曇り,08:00から曇り
15,8/15,盛夏,古代神殿,cloudy;19=fog,曇り,曇り,曇り,曇り,曇り,曇り,霧,19:00から霧
16,8/16,盛夏,古代神殿,cloudy,曇り,曇り,曇り,曇り,曇り,曇り,曇り,終日変化なし
17,8/17,盛夏,古代神殿,clear;18=storm;19=cloudy,晴れ,晴れ,晴れ,晴れ,晴れ,雷雨,曇り,18:00から雷雨・19:00から曇り
18,8/18,盛夏,古代神殿,cloudy;12=light_rain;19=cloudy,曇り,曇り,曇り,小雨,小雨,小雨,曇り,12:00から小雨・19:00から曇り
19,8/19,盛夏,古代神殿,clear,晴れ,晴れ,晴れ,晴れ,晴れ,晴れ,晴れ,終日変化なし
20,8/20,盛夏,古代神殿,clear,晴れ,晴れ,晴れ,晴れ,晴れ,晴れ,晴れ,終日変化なし
21,8/21,盛夏,古代神殿,cloudy;12=light_rain;16=cloudy,曇り,曇り,曇り,小雨,小雨,曇り,曇り,12:00から小雨・16:00から曇り
22,8/22,盛夏,古代神殿,cloudy;17=fog,曇り,曇り,曇り,曇り,曇り,霧,霧,17:00から霧
23,8/23,晩夏,古代神殿,fog;10=clear,霧,霧,霧,晴れ,晴れ,晴れ,晴れ,10:00から晴れ
24,8/24,晩夏,古代神殿,cloudy,曇り,曇り,曇り,曇り,曇り,曇り,曇り,終日変化なし
25,8/25,晩夏,古代神殿,fog;08=clear,霧,霧,晴れ,晴れ,晴れ,晴れ,晴れ,08:00から晴れ
26,8/26,晩夏,古代神殿,cloudy;16=rain;20=cloudy,曇り,曇り,曇り,曇り,曇り,雨,曇り,16:00から雨・20:00から曇り
27,8/27,晩夏,古代神殿,fog;09=clear,霧,霧,晴れ,晴れ,晴れ,晴れ,晴れ,09:00から晴れ
28,8/28,晩夏,古代神殿,clear;12=cloudy;16=clear,晴れ,晴れ,晴れ,曇り,曇り,晴れ,晴れ,12:00から曇り・16:00から晴れ
29,8/29,晩夏,古代神殿,clear,晴れ,晴れ,晴れ,晴れ,晴れ,晴れ,晴れ,終日変化なし
30,8/30,晩夏,古代神殿,clear;15=cloudy;19=clear,晴れ,晴れ,晴れ,晴れ,曇り,曇り,晴れ,15:00から曇り・19:00から晴れ
31,8/31,晩夏,古代神殿,fog;11=cloudy,霧,霧,霧,曇り,曇り,曇り,曇り,11:00から曇り
32,9/1,晩夏,古代神殿,cloudy,曇り,曇り,曇り,曇り,曇り,曇り,曇り,終日変化なし
33,9/2,晩夏,古代神殿,cloudy;16=fog,曇り,曇り,曇り,曇り,曇り,霧,霧,16:00から霧
34,9/3,晩夏,古代神殿,cloudy,曇り,曇り,曇り,曇り,曇り,曇り,曇り,終日変化なし
35,9/4,晩夏,古代神殿,clear;13=cloudy;17=clear,晴れ,晴れ,晴れ,晴れ,曇り,晴れ,晴れ,13:00から曇り・17:00から晴れ
36,9/5,晩夏,古代神殿,clear;12=cloudy;19=clear,晴れ,晴れ,晴れ,曇り,曇り,曇り,晴れ,12:00から曇り・19:00から晴れ
37,9/6,晩夏,古代神殿,cloudy,曇り,曇り,曇り,曇り,曇り,曇り,曇り,終日変化なし
38,9/7,晩夏,古代神殿,cloudy,曇り,曇り,曇り,曇り,曇り,曇り,曇り,終日変化なし
39,9/8,晩夏,古代神殿,fog;08=cloudy,霧,霧,曇り,曇り,曇り,曇り,曇り,08:00から曇り
40,9/9,晩夏,古代神殿,fog;07=cloudy,霧,霧,曇り,曇り,曇り,曇り,曇り,07:00から曇り
41,9/10,晩夏,古代神殿,fog;07=clear,霧,霧,晴れ,晴れ,晴れ,晴れ,晴れ,07:00から晴れ
42,9/11,晩夏,古代神殿,cloudy,曇り,曇り,曇り,曇り,曇り,曇り,曇り,終日変化なし
43,9/12,晩夏,古代神殿,fog;10=cloudy,霧,霧,霧,曇り,曇り,曇り,曇り,10:00から曇り
44,9/13,晩夏,古代神殿,clear,晴れ,晴れ,晴れ,晴れ,晴れ,晴れ,晴れ,終日変化なし
45,9/14,晩夏,古代神殿,cloudy;16=fog,曇り,曇り,曇り,曇り,曇り,霧,霧,16:00から霧
46,9/15,秋,古代神殿,rain,雨,雨,雨,雨,雨,雨,雨,終日変化なし
47,9/16,秋,古代神殿,cloudy;11=light_rain;17=cloudy,曇り,曇り,曇り,小雨,小雨,曇り,曇り,11:00から小雨・17:00から曇り
48,9/17,秋,古代神殿,fog;08=cloudy,霧,霧,曇り,曇り,曇り,曇り,曇り,08:00から曇り
49,9/18,秋,古代神殿,fog;08=clear,霧,霧,晴れ,晴れ,晴れ,晴れ,晴れ,08:00から晴れ
50,9/19,秋,古代神殿,cloudy;19=fog,曇り,曇り,曇り,曇り,曇り,曇り,霧,19:00から霧
51,9/20,秋,古代神殿,rain,雨,雨,雨,雨,雨,雨,雨,終日変化なし
52,9/21,秋,古代神殿,fog;08=clear,霧,霧,晴れ,晴れ,晴れ,晴れ,晴れ,08:00から晴れ
53,9/22,秋,古代神殿,cloudy;13=light_rain;16=cloudy,曇り,曇り,曇り,曇り,小雨,曇り,曇り,13:00から小雨・16:00から曇り
54,9/23,秋,古代神殿,fog;08=cloudy,霧,霧,曇り,曇り,曇り,曇り,曇り,08:00から曇り
55,9/24,秋,古代神殿,fog;09=cloudy,霧,霧,曇り,曇り,曇り,曇り,曇り,09:00から曇り
56,9/25,秋,古代神殿,cloudy;13=light_rain;15=cloudy,曇り,曇り,曇り,曇り,曇り,曇り,曇り,13:00から小雨・15:00から曇り
57,9/26,秋,古代神殿,cloudy;13=light_rain;19=cloudy,曇り,曇り,曇り,曇り,小雨,小雨,曇り,13:00から小雨・19:00から曇り
58,9/27,秋,古代神殿,cloudy;14=light_rain;16=cloudy,曇り,曇り,曇り,曇り,小雨,曇り,曇り,14:00から小雨・16:00から曇り
59,9/28,秋,古代神殿,cloudy;18=fog,曇り,曇り,曇り,曇り,曇り,霧,霧,18:00から霧
60,9/29,秋,古代神殿,cloudy;15=light_rain;18=cloudy,曇り,曇り,曇り,曇り,小雨,曇り,曇り,15:00から小雨・18:00から曇り
61,9/30,秋,古代神殿,light_rain;15=cloudy,小雨,小雨,小雨,小雨,曇り,曇り,曇り,15:00から曇り
62,10/1,秋,古代神殿,cloudy,曇り,曇り,曇り,曇り,曇り,曇り,曇り,終日変化なし
63,10/2,秋,古代神殿,cloudy;16=rain;22=cloudy,曇り,曇り,曇り,曇り,曇り,雨,雨,16:00から雨・22:00から曇り
64,10/3,秋,古代神殿,cloudy;18=fog,曇り,曇り,曇り,曇り,曇り,霧,霧,18:00から霧
65,10/4,秋,古代神殿,fog;09=cloudy,霧,霧,曇り,曇り,曇り,曇り,曇り,09:00から曇り
66,10/5,秋,古代神殿,rain,雨,雨,雨,雨,雨,雨,雨,終日変化なし
67,10/6,秋,古代神殿,light_rain;17=cloudy,小雨,小雨,小雨,小雨,小雨,曇り,曇り,17:00から曇り
68,10/7,秋,古代神殿,clear,晴れ,晴れ,晴れ,晴れ,晴れ,晴れ,晴れ,終日変化なし
69,10/8,秋,古代神殿,fog;07=cloudy,霧,霧,曇り,曇り,曇り,曇り,曇り,07:00から曇り
70,10/9,秋,古代神殿,fog;07=cloudy,霧,霧,曇り,曇り,曇り,曇り,曇り,07:00から曇り
71,10/10,晩秋,古代神殿,fog;11=cloudy,霧,霧,霧,曇り,曇り,曇り,曇り,11:00から曇り
72,10/11,晩秋,古代神殿,cloudy;13=light_rain;16=cloudy,曇り,曇り,曇り,曇り,小雨,曇り,曇り,13:00から小雨・16:00から曇り
73,10/12,晩秋,古代神殿,fog;11=cloudy,霧,霧,霧,曇り,曇り,曇り,曇り,11:00から曇り
74,10/13,晩秋,古代神殿,fog;11=cloudy,霧,霧,霧,曇り,曇り,曇り,曇り,11:00から曇り
75,10/14,晩秋,古代神殿,cloudy,曇り,曇り,曇り,曇り,曇り,曇り,曇り,終日変化なし
76,10/15,晩秋,古代神殿,fog;07=clear,霧,霧,晴れ,晴れ,晴れ,晴れ,晴れ,07:00から晴れ
77,10/16,晩秋,古代神殿,cloudy;15=rain;19=cloudy,曇り,曇り,曇り,曇り,雨,雨,曇り,15:00から雨・19:00から曇り
78,10/17,晩秋,古代神殿,cloudy;14=light_rain;16=cloudy,曇り,曇り,曇り,曇り,小雨,曇り,曇り,14:00から小雨・16:00から曇り
79,10/18,晩秋,古代神殿,fog;10=cloudy,霧,霧,霧,曇り,曇り,曇り,曇り,10:00から曇り
80,10/19,晩秋,古代神殿,fog;08=clear,霧,霧,晴れ,晴れ,晴れ,晴れ,晴れ,08:00から晴れ
81,10/20,晩秋,古代神殿,cloudy,曇り,曇り,曇り,曇り,曇り,曇り,曇り,終日変化なし
82,10/21,晩秋,古代神殿,cloudy,曇り,曇り,曇り,曇り,曇り,曇り,曇り,終日変化なし
83,10/22,晩秋,古代神殿,fog;07=cloudy,霧,霧,曇り,曇り,曇り,曇り,曇り,07:00から曇り
84,10/23,晩秋,古代神殿,cloudy;12=light_rain;19=cloudy,曇り,曇り,曇り,小雨,小雨,小雨,曇り,12:00から小雨・19:00から曇り
85,10/24,晩秋,古代神殿,cloudy,曇り,曇り,曇り,曇り,曇り,曇り,曇り,終日変化なし
86,10/25,晩秋,古代神殿,fog;11=cloudy,霧,霧,霧,曇り,曇り,曇り,曇り,11:00から曇り
87,10/26,晩秋,古代神殿,cloudy;12=light_rain;18=cloudy,曇り,曇り,曇り,小雨,小雨,曇り,曇り,12:00から小雨・18:00から曇り
88,10/27,晩秋,古代神殿,rain,雨,雨,雨,雨,雨,雨,雨,終日変化なし
89,10/28,晩秋,古代神殿,cloudy,曇り,曇り,曇り,曇り,曇り,曇り,曇り,終日変化なし
90,10/29,晩秋,古代神殿,cloudy;19=fog,曇り,曇り,曇り,曇り,曇り,曇り,霧,19:00から霧
91,10/30,晩秋,古代神殿,cloudy;20=fog,曇り,曇り,曇り,曇り,曇り,曇り,霧,20:00から霧
92,10/31,晩秋,古代神殿,rain,雨,雨,雨,雨,雨,雨,雨,終日変化なし
93,11/1,晩秋,古代神殿,cloudy;12=rain;22=cloudy,曇り,曇り,曇り,雨,雨,雨,雨,12:00から雨・22:00から曇り
94,11/2,晩秋,古代神殿,cloudy;16=rain;19=cloudy,曇り,曇り,曇り,曇り,曇り,雨,曇り,16:00から雨・19:00から曇り
95,11/3,晩秋,古代神殿,cloudy;15=light_rain;18=cloudy,曇り,曇り,曇り,曇り,小雨,曇り,曇り,15:00から小雨・18:00から曇り
96,11/4,晩秋,古代神殿,fog;08=cloudy,霧,霧,曇り,曇り,曇り,曇り,曇り,08:00から曇り
97,11/5,晩秋,古代神殿,cloudy;12=light_rain;17=cloudy,曇り,曇り,曇り,小雨,小雨,曇り,曇り,12:00から小雨・17:00から曇り
98,11/6,晩秋,古代神殿,fog;08=cloudy,霧,霧,曇り,曇り,曇り,曇り,曇り,08:00から曇り
99,11/7,晩秋,古代神殿,fog;08=cloudy,霧,霧,曇り,曇り,曇り,曇り,曇り,08:00から曇り
100,11/8,晩秋,古代神殿,fog;07=cloudy,霧,霧,曇り,曇り,曇り,曇り,曇り,07:00から曇り
1,8/1,盛夏,黒嶺連合領,clear,晴れ,晴れ,晴れ,晴れ,晴れ,晴れ,晴れ,終日変化なし
2,8/2,盛夏,黒嶺連合領,clear,晴れ,晴れ,晴れ,晴れ,晴れ,晴れ,晴れ,終日変化なし
3,8/3,盛夏,黒嶺連合領,clear;13=dry_wind;20=clear,晴れ,晴れ,晴れ,晴れ,乾いた風,乾いた風,晴れ,13:00から乾いた風・20:00から晴れ
4,8/4,盛夏,黒嶺連合領,clear;13=strong_wind;21=clear,晴れ,晴れ,晴れ,晴れ,強風,強風,晴れ,13:00から強風・21:00から晴れ
5,8/5,盛夏,黒嶺連合領,cloudy;16=light_rain;18=cloudy,曇り,曇り,曇り,曇り,曇り,曇り,曇り,16:00から小雨・18:00から曇り
6,8/6,盛夏,黒嶺連合領,clear,晴れ,晴れ,晴れ,晴れ,晴れ,晴れ,晴れ,終日変化なし
7,8/7,盛夏,黒嶺連合領,cloudy,曇り,曇り,曇り,曇り,曇り,曇り,曇り,終日変化なし
8,8/8,盛夏,黒嶺連合領,clear;14=strong_wind;22=clear,晴れ,晴れ,晴れ,晴れ,強風,強風,強風,14:00から強風・22:00から晴れ
9,8/9,盛夏,黒嶺連合領,cloudy;15=rain;23=cloudy,曇り,曇り,曇り,曇り,雨,雨,雨,15:00から雨・23:00から曇り
10,8/10,盛夏,黒嶺連合領,cloudy;15=rain;22=cloudy,曇り,曇り,曇り,曇り,雨,雨,雨,15:00から雨・22:00から曇り
11,8/11,盛夏,黒嶺連合領,cloudy;17=rain;23=cloudy,曇り,曇り,曇り,曇り,曇り,雨,雨,17:00から雨・23:00から曇り
12,8/12,盛夏,黒嶺連合領,cloudy;17=storm;20=rain;23=cloudy,曇り,曇り,曇り,曇り,曇り,雷雨,雨,17:00から雷雨・20:00から雨・23:00から曇り
13,8/13,盛夏,黒嶺連合領,clear,晴れ,晴れ,晴れ,晴れ,晴れ,晴れ,晴れ,終日変化なし
14,8/14,盛夏,黒嶺連合領,clear,晴れ,晴れ,晴れ,晴れ,晴れ,晴れ,晴れ,終日変化なし
15,8/15,盛夏,黒嶺連合領,clear,晴れ,晴れ,晴れ,晴れ,晴れ,晴れ,晴れ,終日変化なし
16,8/16,盛夏,黒嶺連合領,clear;13=dry_wind;20=clear,晴れ,晴れ,晴れ,晴れ,乾いた風,乾いた風,晴れ,13:00から乾いた風・20:00から晴れ
17,8/17,盛夏,黒嶺連合領,clear;14=dry_wind;19=clear,晴れ,晴れ,晴れ,晴れ,乾いた風,乾いた風,晴れ,14:00から乾いた風・19:00から晴れ
18,8/18,盛夏,黒嶺連合領,cloudy;15=storm;21=rain;23=cloudy,曇り,曇り,曇り,曇り,雷雨,雷雨,雨,15:00から雷雨・21:00から雨・23:00から曇り
19,8/19,盛夏,黒嶺連合領,cloudy,曇り,曇り,曇り,曇り,曇り,曇り,曇り,終日変化なし
20,8/20,盛夏,黒嶺連合領,clear;13=dry_wind;20=clear,晴れ,晴れ,晴れ,晴れ,乾いた風,乾いた風,晴れ,13:00から乾いた風・20:00から晴れ
21,8/21,盛夏,黒嶺連合領,cloudy;18=storm;21=rain;23=cloudy,曇り,曇り,曇り,曇り,曇り,雷雨,雨,18:00から雷雨・21:00から雨・23:00から曇り
22,8/22,盛夏,黒嶺連合領,cloudy,曇り,曇り,曇り,曇り,曇り,曇り,曇り,終日変化なし
23,8/23,晩夏,黒嶺連合領,cloudy;15=storm;22=rain;23=cloudy,曇り,曇り,曇り,曇り,雷雨,雷雨,雷雨,15:00から雷雨・22:00から雨・23:00から曇り
24,8/24,晩夏,黒嶺連合領,clear;12=dry_wind;19=clear,晴れ,晴れ,晴れ,乾いた風,乾いた風,乾いた風,晴れ,12:00から乾いた風・19:00から晴れ
25,8/25,晩夏,黒嶺連合領,cloudy;16=storm;22=rain;23=cloudy,曇り,曇り,曇り,曇り,曇り,雷雨,雷雨,16:00から雷雨・22:00から雨・23:00から曇り
26,8/26,晩夏,黒嶺連合領,cloudy;15=light_rain;19=cloudy,曇り,曇り,曇り,曇り,小雨,小雨,曇り,15:00から小雨・19:00から曇り
27,8/27,晩夏,黒嶺連合領,cloudy,曇り,曇り,曇り,曇り,曇り,曇り,曇り,終日変化なし
28,8/28,晩夏,黒嶺連合領,cloudy;15=rain;23=cloudy,曇り,曇り,曇り,曇り,雨,雨,雨,15:00から雨・23:00から曇り
29,8/29,晩夏,黒嶺連合領,clear;16=strong_wind;22=clear,晴れ,晴れ,晴れ,晴れ,晴れ,強風,強風,16:00から強風・22:00から晴れ
30,8/30,晩夏,黒嶺連合領,cloudy;15=rain;23=cloudy,曇り,曇り,曇り,曇り,雨,雨,雨,15:00から雨・23:00から曇り
31,8/31,晩夏,黒嶺連合領,clear;14=cloudy;20=clear,晴れ,晴れ,晴れ,晴れ,曇り,曇り,晴れ,14:00から曇り・20:00から晴れ
32,9/1,晩夏,黒嶺連合領,cloudy;14=light_rain;19=cloudy,曇り,曇り,曇り,曇り,小雨,小雨,曇り,14:00から小雨・19:00から曇り
33,9/2,晩夏,黒嶺連合領,cloudy;18=light_rain;21=cloudy,曇り,曇り,曇り,曇り,曇り,小雨,曇り,18:00から小雨・21:00から曇り
34,9/3,晩夏,黒嶺連合領,clear;13=strong_wind;23=clear,晴れ,晴れ,晴れ,晴れ,強風,強風,強風,13:00から強風・23:00から晴れ
35,9/4,晩夏,黒嶺連合領,clear;14=cloudy;22=clear,晴れ,晴れ,晴れ,晴れ,曇り,曇り,曇り,14:00から曇り・22:00から晴れ
36,9/5,晩夏,黒嶺連合領,cloudy;14=storm;20=rain;23=cloudy,曇り,曇り,曇り,曇り,雷雨,雷雨,雨,14:00から雷雨・20:00から雨・23:00から曇り
37,9/6,晩夏,黒嶺連合領,cloudy;17=rain;23=cloudy,曇り,曇り,曇り,曇り,曇り,雨,雨,17:00から雨・23:00から曇り
38,9/7,晩夏,黒嶺連合領,cloudy,曇り,曇り,曇り,曇り,曇り,曇り,曇り,終日変化なし
39,9/8,晩夏,黒嶺連合領,cloudy;19=rain;23=cloudy,曇り,曇り,曇り,曇り,曇り,曇り,雨,19:00から雨・23:00から曇り
40,9/9,晩夏,黒嶺連合領,cloudy;18=light_rain;21=cloudy,曇り,曇り,曇り,曇り,曇り,小雨,曇り,18:00から小雨・21:00から曇り
41,9/10,晩夏,黒嶺連合領,clear;16=cloudy;19=clear,晴れ,晴れ,晴れ,晴れ,晴れ,曇り,晴れ,16:00から曇り・19:00から晴れ
42,9/11,晩夏,黒嶺連合領,cloudy,曇り,曇り,曇り,曇り,曇り,曇り,曇り,終日変化なし
43,9/12,晩夏,黒嶺連合領,cloudy,曇り,曇り,曇り,曇り,曇り,曇り,曇り,終日変化なし
44,9/13,晩夏,黒嶺連合領,clear;16=strong_wind;21=clear,晴れ,晴れ,晴れ,晴れ,晴れ,強風,晴れ,16:00から強風・21:00から晴れ
45,9/14,晩夏,黒嶺連合領,cloudy,曇り,曇り,曇り,曇り,曇り,曇り,曇り,終日変化なし
46,9/15,秋,黒嶺連合領,clear,晴れ,晴れ,晴れ,晴れ,晴れ,晴れ,晴れ,終日変化なし
47,9/16,秋,黒嶺連合領,cloudy,曇り,曇り,曇り,曇り,曇り,曇り,曇り,終日変化なし
48,9/17,秋,黒嶺連合領,rain,雨,雨,雨,雨,雨,雨,雨,終日変化なし
49,9/18,秋,黒嶺連合領,clear;15=dry_wind;19=clear,晴れ,晴れ,晴れ,晴れ,乾いた風,乾いた風,晴れ,15:00から乾いた風・19:00から晴れ
50,9/19,秋,黒嶺連合領,clear;12=dry_wind;22=clear,晴れ,晴れ,晴れ,乾いた風,乾いた風,乾いた風,乾いた風,12:00から乾いた風・22:00から晴れ
51,9/20,秋,黒嶺連合領,clear;15=dry_wind;19=clear,晴れ,晴れ,晴れ,晴れ,乾いた風,乾いた風,晴れ,15:00から乾いた風・19:00から晴れ
52,9/21,秋,黒嶺連合領,cloudy,曇り,曇り,曇り,曇り,曇り,曇り,曇り,終日変化なし
53,9/22,秋,黒嶺連合領,clear;15=strong_wind;21=clear,晴れ,晴れ,晴れ,晴れ,強風,強風,晴れ,15:00から強風・21:00から晴れ
54,9/23,秋,黒嶺連合領,clear;15=strong_wind;21=clear,晴れ,晴れ,晴れ,晴れ,強風,強風,晴れ,15:00から強風・21:00から晴れ
55,9/24,秋,黒嶺連合領,clear;15=cloudy;20=clear,晴れ,晴れ,晴れ,晴れ,曇り,曇り,晴れ,15:00から曇り・20:00から晴れ
56,9/25,秋,黒嶺連合領,cloudy;16=rain;22=cloudy,曇り,曇り,曇り,曇り,曇り,雨,雨,16:00から雨・22:00から曇り
57,9/26,秋,黒嶺連合領,cloudy;16=rain;22=cloudy,曇り,曇り,曇り,曇り,曇り,雨,雨,16:00から雨・22:00から曇り
58,9/27,秋,黒嶺連合領,cloudy;17=rain;23=cloudy,曇り,曇り,曇り,曇り,曇り,雨,雨,17:00から雨・23:00から曇り
59,9/28,秋,黒嶺連合領,rain,雨,雨,雨,雨,雨,雨,雨,終日変化なし
60,9/29,秋,黒嶺連合領,clear,晴れ,晴れ,晴れ,晴れ,晴れ,晴れ,晴れ,終日変化なし
61,9/30,秋,黒嶺連合領,clear;16=strong_wind;23=clear,晴れ,晴れ,晴れ,晴れ,晴れ,強風,強風,16:00から強風・23:00から晴れ
62,10/1,秋,黒嶺連合領,cloudy,曇り,曇り,曇り,曇り,曇り,曇り,曇り,終日変化なし
63,10/2,秋,黒嶺連合領,cloudy,曇り,曇り,曇り,曇り,曇り,曇り,曇り,終日変化なし
64,10/3,秋,黒嶺連合領,clear;15=strong_wind;23=clear,晴れ,晴れ,晴れ,晴れ,強風,強風,強風,15:00から強風・23:00から晴れ
65,10/4,秋,黒嶺連合領,clear;14=strong_wind;23=clear,晴れ,晴れ,晴れ,晴れ,強風,強風,強風,14:00から強風・23:00から晴れ
66,10/5,秋,黒嶺連合領,cloudy;16=rain;23=cloudy,曇り,曇り,曇り,曇り,曇り,雨,雨,16:00から雨・23:00から曇り
67,10/6,秋,黒嶺連合領,cloudy,曇り,曇り,曇り,曇り,曇り,曇り,曇り,終日変化なし
68,10/7,秋,黒嶺連合領,clear;16=cloudy;19=clear,晴れ,晴れ,晴れ,晴れ,晴れ,曇り,晴れ,16:00から曇り・19:00から晴れ
69,10/8,秋,黒嶺連合領,clear;13=dry_wind;23=clear,晴れ,晴れ,晴れ,晴れ,乾いた風,乾いた風,乾いた風,13:00から乾いた風・23:00から晴れ
70,10/9,秋,黒嶺連合領,cloudy;19=rain;23=cloudy,曇り,曇り,曇り,曇り,曇り,曇り,雨,19:00から雨・23:00から曇り
71,10/10,晩秋,黒嶺連合領,rain;16=snow,雨,雨,雨,雨,雨,雪,雪,16:00から雪
72,10/11,晩秋,黒嶺連合領,rain,雨,雨,雨,雨,雨,雨,雨,終日変化なし
73,10/12,晩秋,黒嶺連合領,cloudy,曇り,曇り,曇り,曇り,曇り,曇り,曇り,終日変化なし
74,10/13,晩秋,黒嶺連合領,rain,雨,雨,雨,雨,雨,雨,雨,終日変化なし
75,10/14,晩秋,黒嶺連合領,rain;17=snow,雨,雨,雨,雨,雨,雪,雪,17:00から雪
76,10/15,晩秋,黒嶺連合領,cloudy,曇り,曇り,曇り,曇り,曇り,曇り,曇り,終日変化なし
77,10/16,晩秋,黒嶺連合領,rain,雨,雨,雨,雨,雨,雨,雨,終日変化なし
78,10/17,晩秋,黒嶺連合領,cloudy;19=snow,曇り,曇り,曇り,曇り,曇り,曇り,雪,19:00から雪
79,10/18,晩秋,黒嶺連合領,cloudy,曇り,曇り,曇り,曇り,曇り,曇り,曇り,終日変化なし
80,10/19,晩秋,黒嶺連合領,clear;13=dry_wind;23=clear,晴れ,晴れ,晴れ,晴れ,乾いた風,乾いた風,乾いた風,13:00から乾いた風・23:00から晴れ
81,10/20,晩秋,黒嶺連合領,clear;15=strong_wind;21=clear,晴れ,晴れ,晴れ,晴れ,強風,強風,晴れ,15:00から強風・21:00から晴れ
82,10/21,晩秋,黒嶺連合領,cloudy,曇り,曇り,曇り,曇り,曇り,曇り,曇り,終日変化なし
83,10/22,晩秋,黒嶺連合領,clear;12=strong_wind;22=clear,晴れ,晴れ,晴れ,強風,強風,強風,強風,12:00から強風・22:00から晴れ
84,10/23,晩秋,黒嶺連合領,rain;20=snow,雨,雨,雨,雨,雨,雨,雪,20:00から雪
85,10/24,晩秋,黒嶺連合領,cloudy;15=light_rain;18=cloudy,曇り,曇り,曇り,曇り,小雨,曇り,曇り,15:00から小雨・18:00から曇り
86,10/25,晩秋,黒嶺連合領,cloudy;17=rain;23=cloudy,曇り,曇り,曇り,曇り,曇り,雨,雨,17:00から雨・23:00から曇り
87,10/26,晩秋,黒嶺連合領,clear;14=strong_wind;23=clear,晴れ,晴れ,晴れ,晴れ,強風,強風,強風,14:00から強風・23:00から晴れ
88,10/27,晩秋,黒嶺連合領,rain,雨,雨,雨,雨,雨,雨,雨,終日変化なし
89,10/28,晩秋,黒嶺連合領,rain,雨,雨,雨,雨,雨,雨,雨,終日変化なし
90,10/29,晩秋,黒嶺連合領,clear;16=strong_wind;23=clear,晴れ,晴れ,晴れ,晴れ,晴れ,強風,強風,16:00から強風・23:00から晴れ
91,10/30,晩秋,黒嶺連合領,cloudy;18=snow,曇り,曇り,曇り,曇り,曇り,雪,雪,18:00から雪
92,10/31,晩秋,黒嶺連合領,clear,晴れ,晴れ,晴れ,晴れ,晴れ,晴れ,晴れ,終日変化なし
93,11/1,晩秋,黒嶺連合領,cloudy;17=snow,曇り,曇り,曇り,曇り,曇り,雪,雪,17:00から雪
94,11/2,晩秋,黒嶺連合領,cloudy;16=rain;23=cloudy,曇り,曇り,曇り,曇り,曇り,雨,雨,16:00から雨・23:00から曇り
95,11/3,晩秋,黒嶺連合領,cloudy;18=rain;23=cloudy,曇り,曇り,曇り,曇り,曇り,雨,雨,18:00から雨・23:00から曇り
96,11/4,晩秋,黒嶺連合領,clear;11=dry_wind;21=clear,晴れ,晴れ,晴れ,乾いた風,乾いた風,乾いた風,晴れ,11:00から乾いた風・21:00から晴れ
97,11/5,晩秋,黒嶺連合領,cloudy;16=rain;23=cloudy,曇り,曇り,曇り,曇り,曇り,雨,雨,16:00から雨・23:00から曇り
98,11/6,晩秋,黒嶺連合領,clear;13=dry_wind;19=clear,晴れ,晴れ,晴れ,晴れ,乾いた風,乾いた風,晴れ,13:00から乾いた風・19:00から晴れ
99,11/7,晩秋,黒嶺連合領,rain;20=snow,雨,雨,雨,雨,雨,雨,雪,20:00から雪
100,11/8,晩秋,黒嶺連合領,clear,晴れ,晴れ,晴れ,晴れ,晴れ,晴れ,晴れ,終日変化なし
1,8/1,盛夏,魔王領,cloudy,曇り,曇り,曇り,曇り,曇り,曇り,曇り,終日変化なし
2,8/2,盛夏,魔王領,cloudy;18=storm;22=rain;23=cloudy,曇り,曇り,曇り,曇り,曇り,雷雨,雷雨,18:00から雷雨・22:00から雨・23:00から曇り
3,8/3,盛夏,魔王領,dry_wind;23=cloudy,乾いた風,乾いた風,乾いた風,乾いた風,乾いた風,乾いた風,乾いた風,23:00から曇り
4,8/4,盛夏,魔王領,cloudy,曇り,曇り,曇り,曇り,曇り,曇り,曇り,終日変化なし
5,8/5,盛夏,魔王領,cloudy;19=light_rain;22=cloudy,曇り,曇り,曇り,曇り,曇り,曇り,小雨,19:00から小雨・22:00から曇り
6,8/6,盛夏,魔王領,dry_wind;23=cloudy,乾いた風,乾いた風,乾いた風,乾いた風,乾いた風,乾いた風,乾いた風,23:00から曇り
7,8/7,盛夏,魔王領,clear,晴れ,晴れ,晴れ,晴れ,晴れ,晴れ,晴れ,終日変化なし
8,8/8,盛夏,魔王領,clear;20=cloudy;22=clear,晴れ,晴れ,晴れ,晴れ,晴れ,晴れ,曇り,20:00から曇り・22:00から晴れ
9,8/9,盛夏,魔王領,cloudy;20=rain;23=cloudy,曇り,曇り,曇り,曇り,曇り,曇り,雨,20:00から雨・23:00から曇り
10,8/10,盛夏,魔王領,cloudy;20=storm;23=rain,曇り,曇り,曇り,曇り,曇り,曇り,雷雨,20:00から雷雨・23:00から雨
11,8/11,盛夏,魔王領,cloudy,曇り,曇り,曇り,曇り,曇り,曇り,曇り,終日変化なし
12,8/12,盛夏,魔王領,clear,晴れ,晴れ,晴れ,晴れ,晴れ,晴れ,晴れ,終日変化なし
13,8/13,盛夏,魔王領,clear;17=dry_wind;23=clear,晴れ,晴れ,晴れ,晴れ,晴れ,乾いた風,乾いた風,17:00から乾いた風・23:00から晴れ
14,8/14,盛夏,魔王領,clear;15=dry_wind;22=clear,晴れ,晴れ,晴れ,晴れ,乾いた風,乾いた風,乾いた風,15:00から乾いた風・22:00から晴れ
15,8/15,盛夏,魔王領,clear,晴れ,晴れ,晴れ,晴れ,晴れ,晴れ,晴れ,終日変化なし
16,8/16,盛夏,魔王領,clear;19=cloudy;23=clear,晴れ,晴れ,晴れ,晴れ,晴れ,晴れ,曇り,19:00から曇り・23:00から晴れ
17,8/17,盛夏,魔王領,cloudy;18=light_rain;20=cloudy,曇り,曇り,曇り,曇り,曇り,小雨,曇り,18:00から小雨・20:00から曇り
18,8/18,盛夏,魔王領,dry_wind;23=cloudy,乾いた風,乾いた風,乾いた風,乾いた風,乾いた風,乾いた風,乾いた風,23:00から曇り
19,8/19,盛夏,魔王領,clear;17=cloudy;23=clear,晴れ,晴れ,晴れ,晴れ,晴れ,曇り,曇り,17:00から曇り・23:00から晴れ
20,8/20,盛夏,魔王領,dry_wind;23=cloudy,乾いた風,乾いた風,乾いた風,乾いた風,乾いた風,乾いた風,乾いた風,23:00から曇り
21,8/21,盛夏,魔王領,cloudy;18=storm;23=rain,曇り,曇り,曇り,曇り,曇り,雷雨,雷雨,18:00から雷雨・23:00から雨
22,8/22,盛夏,魔王領,cloudy;21=fog,曇り,曇り,曇り,曇り,曇り,曇り,霧,21:00から霧
23,8/23,晩夏,魔王領,clear;20=cloudy;21=clear,晴れ,晴れ,晴れ,晴れ,晴れ,晴れ,晴れ,20:00から曇り・21:00から晴れ
24,8/24,晩夏,魔王領,cloudy,曇り,曇り,曇り,曇り,曇り,曇り,曇り,終日変化なし
25,8/25,晩夏,魔王領,cloudy;16=light_rain;21=cloudy,曇り,曇り,曇り,曇り,曇り,小雨,曇り,16:00から小雨・21:00から曇り
26,8/26,晩夏,魔王領,cloudy,曇り,曇り,曇り,曇り,曇り,曇り,曇り,終日変化なし
27,8/27,晩夏,魔王領,clear,晴れ,晴れ,晴れ,晴れ,晴れ,晴れ,晴れ,終日変化なし
28,8/28,晩夏,魔王領,dry_wind;20=cloudy,乾いた風,乾いた風,乾いた風,乾いた風,乾いた風,乾いた風,曇り,20:00から曇り
29,8/29,晩夏,魔王領,clear;17=cloudy;21=clear,晴れ,晴れ,晴れ,晴れ,晴れ,曇り,晴れ,17:00から曇り・21:00から晴れ
30,8/30,晩夏,魔王領,clear;17=cloudy;23=clear,晴れ,晴れ,晴れ,晴れ,晴れ,曇り,曇り,17:00から曇り・23:00から晴れ
31,8/31,晩夏,魔王領,dry_wind;23=cloudy,乾いた風,乾いた風,乾いた風,乾いた風,乾いた風,乾いた風,乾いた風,23:00から曇り
32,9/1,晩夏,魔王領,cloudy;21=fog,曇り,曇り,曇り,曇り,曇り,曇り,霧,21:00から霧
33,9/2,晩夏,魔王領,cloudy;21=fog,曇り,曇り,曇り,曇り,曇り,曇り,霧,21:00から霧
34,9/3,晩夏,魔王領,clear;14=dry_wind;22=clear,晴れ,晴れ,晴れ,晴れ,乾いた風,乾いた風,乾いた風,14:00から乾いた風・22:00から晴れ
35,9/4,晩夏,魔王領,cloudy;22=fog,曇り,曇り,曇り,曇り,曇り,曇り,曇り,22:00から霧
36,9/5,晩夏,魔王領,clear;17=dry_wind;23=clear,晴れ,晴れ,晴れ,晴れ,晴れ,乾いた風,乾いた風,17:00から乾いた風・23:00から晴れ
37,9/6,晩夏,魔王領,dry_wind;21=cloudy,乾いた風,乾いた風,乾いた風,乾いた風,乾いた風,乾いた風,曇り,21:00から曇り
38,9/7,晩夏,魔王領,cloudy,曇り,曇り,曇り,曇り,曇り,曇り,曇り,終日変化なし
39,9/8,晩夏,魔王領,cloudy,曇り,曇り,曇り,曇り,曇り,曇り,曇り,終日変化なし
40,9/9,晩夏,魔王領,clear;14=dry_wind;21=clear,晴れ,晴れ,晴れ,晴れ,乾いた風,乾いた風,晴れ,14:00から乾いた風・21:00から晴れ
41,9/10,晩夏,魔王領,cloudy,曇り,曇り,曇り,曇り,曇り,曇り,曇り,終日変化なし
42,9/11,晩夏,魔王領,dry_wind;23=cloudy,乾いた風,乾いた風,乾いた風,乾いた風,乾いた風,乾いた風,乾いた風,23:00から曇り
43,9/12,晩夏,魔王領,cloudy;17=light_rain;23=cloudy,曇り,曇り,曇り,曇り,曇り,小雨,小雨,17:00から小雨・23:00から曇り
44,9/13,晩夏,魔王領,cloudy;17=storm;23=rain,曇り,曇り,曇り,曇り,曇り,雷雨,雷雨,17:00から雷雨・23:00から雨
45,9/14,晩夏,魔王領,clear;17=cloudy;23=clear,晴れ,晴れ,晴れ,晴れ,晴れ,曇り,曇り,17:00から曇り・23:00から晴れ
46,9/15,秋,魔王領,cloudy;17=light_rain;22=cloudy,曇り,曇り,曇り,曇り,曇り,小雨,小雨,17:00から小雨・22:00から曇り
47,9/16,秋,魔王領,dry_wind;21=cloudy,乾いた風,乾いた風,乾いた風,乾いた風,乾いた風,乾いた風,曇り,21:00から曇り
48,9/17,秋,魔王領,clear;16=dry_wind;23=clear,晴れ,晴れ,晴れ,晴れ,晴れ,乾いた風,乾いた風,16:00から乾いた風・23:00から晴れ
49,9/18,秋,魔王領,clear,晴れ,晴れ,晴れ,晴れ,晴れ,晴れ,晴れ,終日変化なし
50,9/19,秋,魔王領,dry_wind;23=cloudy,乾いた風,乾いた風,乾いた風,乾いた風,乾いた風,乾いた風,乾いた風,23:00から曇り
51,9/20,秋,魔王領,cloudy;23=fog,曇り,曇り,曇り,曇り,曇り,曇り,曇り,23:00から霧
52,9/21,秋,魔王領,cloudy;18=rain;23=cloudy,曇り,曇り,曇り,曇り,曇り,雨,雨,18:00から雨・23:00から曇り
53,9/22,秋,魔王領,cloudy;17=storm;23=rain,曇り,曇り,曇り,曇り,曇り,雷雨,雷雨,17:00から雷雨・23:00から雨
54,9/23,秋,魔王領,cloudy,曇り,曇り,曇り,曇り,曇り,曇り,曇り,終日変化なし
55,9/24,秋,魔王領,dry_wind;23=cloudy,乾いた風,乾いた風,乾いた風,乾いた風,乾いた風,乾いた風,乾いた風,23:00から曇り
56,9/25,秋,魔王領,cloudy;19=light_rain;21=cloudy,曇り,曇り,曇り,曇り,曇り,曇り,曇り,19:00から小雨・21:00から曇り
57,9/26,秋,魔王領,cloudy,曇り,曇り,曇り,曇り,曇り,曇り,曇り,終日変化なし
58,9/27,秋,魔王領,cloudy;16=light_rain;21=cloudy,曇り,曇り,曇り,曇り,曇り,小雨,曇り,16:00から小雨・21:00から曇り
59,9/28,秋,魔王領,clear,晴れ,晴れ,晴れ,晴れ,晴れ,晴れ,晴れ,終日変化なし
60,9/29,秋,魔王領,clear;13=dry_wind;23=clear,晴れ,晴れ,晴れ,晴れ,乾いた風,乾いた風,乾いた風,13:00から乾いた風・23:00から晴れ
61,9/30,秋,魔王領,cloudy,曇り,曇り,曇り,曇り,曇り,曇り,曇り,終日変化なし
62,10/1,秋,魔王領,clear,晴れ,晴れ,晴れ,晴れ,晴れ,晴れ,晴れ,終日変化なし
63,10/2,秋,魔王領,cloudy;18=rain;23=cloudy,曇り,曇り,曇り,曇り,曇り,雨,雨,18:00から雨・23:00から曇り
64,10/3,秋,魔王領,rain,雨,雨,雨,雨,雨,雨,雨,終日変化なし
65,10/4,秋,魔王領,cloudy,曇り,曇り,曇り,曇り,曇り,曇り,曇り,終日変化なし
66,10/5,秋,魔王領,cloudy;21=fog,曇り,曇り,曇り,曇り,曇り,曇り,霧,21:00から霧
67,10/6,秋,魔王領,cloudy,曇り,曇り,曇り,曇り,曇り,曇り,曇り,終日変化なし
68,10/7,秋,魔王領,cloudy,曇り,曇り,曇り,曇り,曇り,曇り,曇り,終日変化なし
69,10/8,秋,魔王領,clear;15=dry_wind;23=clear,晴れ,晴れ,晴れ,晴れ,乾いた風,乾いた風,乾いた風,15:00から乾いた風・23:00から晴れ
70,10/9,秋,魔王領,dry_wind;23=cloudy,乾いた風,乾いた風,乾いた風,乾いた風,乾いた風,乾いた風,乾いた風,23:00から曇り
71,10/10,晩秋,魔王領,cloudy,曇り,曇り,曇り,曇り,曇り,曇り,曇り,終日変化なし
72,10/11,晩秋,魔王領,dry_wind;23=cloudy,乾いた風,乾いた風,乾いた風,乾いた風,乾いた風,乾いた風,乾いた風,23:00から曇り
73,10/12,晩秋,魔王領,dry_wind;22=cloudy,乾いた風,乾いた風,乾いた風,乾いた風,乾いた風,乾いた風,乾いた風,22:00から曇り
74,10/13,晩秋,魔王領,rain;18=snow,雨,雨,雨,雨,雨,雪,雪,18:00から雪
75,10/14,晩秋,魔王領,cloudy,曇り,曇り,曇り,曇り,曇り,曇り,曇り,終日変化なし
76,10/15,晩秋,魔王領,cloudy,曇り,曇り,曇り,曇り,曇り,曇り,曇り,終日変化なし
77,10/16,晩秋,魔王領,cloudy;18=light_rain;22=cloudy,曇り,曇り,曇り,曇り,曇り,小雨,小雨,18:00から小雨・22:00から曇り
78,10/17,晩秋,魔王領,clear;16=dry_wind;21=clear,晴れ,晴れ,晴れ,晴れ,晴れ,乾いた風,晴れ,16:00から乾いた風・21:00から晴れ
79,10/18,晩秋,魔王領,rain;18=snow,雨,雨,雨,雨,雨,雪,雪,18:00から雪
80,10/19,晩秋,魔王領,cloudy,曇り,曇り,曇り,曇り,曇り,曇り,曇り,終日変化なし
81,10/20,晩秋,魔王領,dry_wind;23=cloudy,乾いた風,乾いた風,乾いた風,乾いた風,乾いた風,乾いた風,乾いた風,23:00から曇り
82,10/21,晩秋,魔王領,cloudy,曇り,曇り,曇り,曇り,曇り,曇り,曇り,終日変化なし
83,10/22,晩秋,魔王領,clear;16=dry_wind;23=clear,晴れ,晴れ,晴れ,晴れ,晴れ,乾いた風,乾いた風,16:00から乾いた風・23:00から晴れ
84,10/23,晩秋,魔王領,cloudy;23=fog,曇り,曇り,曇り,曇り,曇り,曇り,曇り,23:00から霧
85,10/24,晩秋,魔王領,rain,雨,雨,雨,雨,雨,雨,雨,終日変化なし
86,10/25,晩秋,魔王領,dry_wind;23=cloudy,乾いた風,乾いた風,乾いた風,乾いた風,乾いた風,乾いた風,乾いた風,23:00から曇り
87,10/26,晩秋,魔王領,rain,雨,雨,雨,雨,雨,雨,雨,終日変化なし
88,10/27,晩秋,魔王領,cloudy;20=light_rain;21=cloudy,曇り,曇り,曇り,曇り,曇り,曇り,曇り,20:00から小雨・21:00から曇り
89,10/28,晩秋,魔王領,cloudy,曇り,曇り,曇り,曇り,曇り,曇り,曇り,終日変化なし
90,10/29,晩秋,魔王領,cloudy;17=rain;23=cloudy,曇り,曇り,曇り,曇り,曇り,雨,雨,17:00から雨・23:00から曇り
91,10/30,晩秋,魔王領,dry_wind;21=cloudy,乾いた風,乾いた風,乾いた風,乾いた風,乾いた風,乾いた風,曇り,21:00から曇り
92,10/31,晩秋,魔王領,cloudy,曇り,曇り,曇り,曇り,曇り,曇り,曇り,終日変化なし
93,11/1,晩秋,魔王領,cloudy,曇り,曇り,曇り,曇り,曇り,曇り,曇り,終日変化なし
94,11/2,晩秋,魔王領,cloudy,曇り,曇り,曇り,曇り,曇り,曇り,曇り,終日変化なし
95,11/3,晩秋,魔王領,rain,雨,雨,雨,雨,雨,雨,雨,終日変化なし
96,11/4,晩秋,魔王領,cloudy,曇り,曇り,曇り,曇り,曇り,曇り,曇り,終日変化なし
97,11/5,晩秋,魔王領,cloudy;18=storm;23=rain,曇り,曇り,曇り,曇り,曇り,雷雨,雷雨,18:00から雷雨・23:00から雨
98,11/6,晩秋,魔王領,dry_wind;23=cloudy,乾いた風,乾いた風,乾いた風,乾いた風,乾いた風,乾いた風,乾いた風,23:00から曇り
99,11/7,晩秋,魔王領,dry_wind;22=cloudy,乾いた風,乾いた風,乾いた風,乾いた風,乾いた風,乾いた風,乾いた風,22:00から曇り
100,11/8,晩秋,魔王領,cloudy,曇り,曇り,曇り,曇り,曇り,曇り,曇り,終日変化なし
